Order,No.,Fur Density [furs/cm^2],Fur Arrangement,Number of Drops,Needle,Fur Sample,Fur Type,Fur Orientation,Replication,Camera Settings,Lighting,Names,Resolution [pixels/mm],Steady State Penetration Depth [mm],Maximum Penetration Depth [mm],Droplet Final Spread [mm],Droplet Maximum Spread [mm],Steady State Dome Height [mm],Minimum Dome Height [mm],Volume Below Fur at Max. Spread [mm^3],Video Index of Max. Spread,Delta_pos,Delta_spread,Delta_Pen,Delta_DomeHeight,Tausp,Tausx,Taush,Tauss,Taumaxspread,Date,Filename,Density of Water (kg/m^3),Viscosity of Water,Surface Tension of Water (N/m),Initial Impact Classification,Initial Impact Dome,Initial Impact Shape,Final Impact Classification,Fur Strand Square Length Dimension (um)Â [l],Inter-fiber spacing (um) [d],Initial Spread,Do (m),Aspect Ratio,Droplet Velocity [m/s],Droplet Diameter [mm],Height [level],Modified Aspect Ratio,Weber #
1,r1,144.1152692,parallel,2,Pink JG20-1.0HP (ID: 0.024''; OD: 0.036'') - 1.5'',E1_3_1,horizontal,standard,1,https://liveutk-my.sharepoint.com/:i:/r/personal/grible_vols_utk_edu/Documents/Fur%20Wetting/Experiments/h1_E2_3_1/camerasettingshydrophoc4-7.PNG?csf=1&web=1&e=wCtXFs,https://liveutk-my.sharepoint.com/:i:/r/personal/grible_vols_utk_edu/Documents/Fur%20Wetting/Experiments/r1_E1_3_1/20220207_145306000_iOS.jpg?csf=1&web=1&e=mZ21tB,Agustin Soto,30.4,1.578947368,1.578947368,7.368421053,7.368421053,0,0,18.1991618,314,3.273666408,1.447368421,0.8552631579,0,2.776497696,4.688940092,3.352534562,4.688940092,4.514202536,02/09/2023,r5_E1_3_1,997.77,0.001,0.0728,"E, W",E,W,JLRS,350,483,5.921052632,0.002590245469,0.5798319328,0.2402649178,2.590245469,1,0.1864688138,2.049371581
2,r2,144.1152692,parallel,2,Pink JG20-1.0HP (ID: 0.024''; OD: 0.036'') - 1.5'',E1_3_1,horizontal,standard,2,https://liveutk-my.sharepoint.com/:i:/r/personal/grible_vols_utk_edu/Documents/Fur%20Wetting/Experiments/h1_E2_3_1/camerasettingshydrophoc4-7.PNG?csf=1&web=1&e=wCtXFs,https://liveutk-my.sharepoint.com/:i:/r/personal/grible_vols_utk_edu/Documents/Fur%20Wetting/Experiments/r1_E1_3_1/20220207_145306000_iOS.jpg?csf=1&web=1&e=mZ21tB,Agustin Soto,29.6,1.587837838,1.587837838,8.378378378,8.412162162,0,0,20.49046541,658,3.050222973,2.601351351,0.8783783784,0,10.94470046,13.57142857,13.52534562,13.57142857,15.20374891,02/09/2023,r5_E1_3_2,997.77,0.001,0.0728,"E, W",E,W,JLRS,350,483,5.777027027,0.002694683325,0.5798319328,0.2405241997,2.694683325,1,0.179241841,2.136605559
3,r3,144.1152692,parallel,2,Pink JG20-1.0HP (ID: 0.024''; OD: 0.036'') - 1.5'',E1_3_1,horizontal,standard,3,https://liveutk-my.sharepoint.com/:i:/r/personal/grible_vols_utk_edu/Documents/Fur%20Wetting/Experiments/h1_E2_3_1/camerasettingshydrophoc4-7.PNG?csf=1&web=1&e=wCtXFs,https://liveutk-my.sharepoint.com/:i:/r/personal/grible_vols_utk_edu/Documents/Fur%20Wetting/Experiments/r1_E1_3_1/20220207_145306000_iOS.jpg?csf=1&web=1&e=mZ21tB,Agustin Soto,29.7,1.582491582,1.919191919,7.508417508,7.542087542,0,0,20.05738079,247,1.87336914,3.164983165,0.3367003367,0,1.707373272,2.122119816,1.569124424,,3.222381529,02/09/2023,r5_E1_3_3,997.77,0.001,0.0728,"E, W",E,W,JLRS,350,483,4.343434343,0.002675563117,0.5798319328,0.2560896585,2.675563117,1,0.1805227456,2.404907325
4,r4,100,parallel,2,Pink JG20-1.0HP (ID: 0.024''; OD: 0.036'') - 1.5'',E1_4_1,horizontal,standard,1,https://liveutk-my.sharepoint.com/:i:/r/personal/grible_vols_utk_edu/Documents/Fur%20Wetting/Experiments/h1_E2_3_1/camerasettingshydrophoc4-7.PNG?csf=1&web=1&e=wCtXFs,https://liveutk-my.sharepoint.com/:i:/r/personal/grible_vols_utk_edu/Documents/Fur%20Wetting/Experiments/r1_E1_3_1/20220207_145306000_iOS.jpg?csf=1&web=1&e=mZ21tB,Agustin Soto,30.2,2.913907285,2.913907285,5.562913907,5.860927152,0.06622516556,0,22.25528316,281,0.3980852455,1.158940397,0.8609271523,,,,,,,01/26/2023,r5_E1_4_1,997.77,0.001,0.0728,"T, W",T,W,JID,350,650,4.40397351,0.002769926012,0.65,0.2732389201,2.769926012,1,0.2346633076,2.834342649
5,r5,100,parallel,2,Pink JG20-1.0HP (ID: 0.024''; OD: 0.036'') - 1.5'',E1_4_1,horizontal,standard,2,https://liveutk-my.sharepoint.com/:i:/r/personal/grible_vols_utk_edu/Documents/Fur%20Wetting/Experiments/h1_E2_3_1/camerasettingshydrophoc4-7.PNG?csf=1&web=1&e=wCtXFs,https://liveutk-my.sharepoint.com/:i:/r/personal/grible_vols_utk_edu/Documents/Fur%20Wetting/Experiments/r1_E1_3_1/20220207_145306000_iOS.jpg?csf=1&web=1&e=mZ21tB,Agustin Soto,30.3,2.871287129,2.871287129,5.676567657,5.742574257,0,0,21.44175568,192,0.07555760802,2.04620462,1.056105611,0,0.5391705069,2.612903226,1.147465438,,2.282344554,02/01/2023,r5_E1_4_2,997.77,0.001,0.0728,"E, W",E,W,NR,350,650,3.630363036,0.002735755252,0.65,0.2881816662,2.735755252,1,0.2375943533,3.113931108
6,r6,100,parallel,2,Pink JG20-1.0HP (ID: 0.024''; OD: 0.036'') - 1.5'',E1_4_1,horizontal,standard,3,https://liveutk-my.sharepoint.com/:i:/r/personal/grible_vols_utk_edu/Documents/Fur%20Wetting/Experiments/h1_E2_3_1/camerasettingshydrophoc4-7.PNG?csf=1&web=1&e=wCtXFs,https://liveutk-my.sharepoint.com/:i:/r/personal/grible_vols_utk_edu/Documents/Fur%20Wetting/Experiments/r1_E1_3_1/20220207_145306000_iOS.jpg?csf=1&web=1&e=mZ21tB,Agustin Soto,29.4,2.959183673,2.959183673,5.816326531,5.850340136,0,0,22.97744534,166,0.04856823504,2.040816327,1.12244898,0,0.6820276498,4.442396313,1.124423963,,0.8872623557,02/01/2023,r5_E1_4_3,997.77,0.001,0.0728,"E, W",E,W,NR,350,650,3.775510204,0.002799568132,0.65,0.2866097787,2.799568132,1,0.232178668,3.151897687
7,r7,49.03922353,parallel,2,Pink JG20-1.0HP (ID: 0.024''; OD: 0.036'') - 1.5'',E1_5_1,horizontal,standard,1,https://liveutk-my.sharepoint.com/:i:/r/personal/grible_vols_utk_edu/Documents/Fur%20Wetting/Experiments/h1_E2_3_1/camerasettingshydrophoc4-7.PNG?csf=1&web=1&e=wCtXFs,https://liveutk-my.sharepoint.com/:i:/r/personal/grible_vols_utk_edu/Documents/Fur%20Wetting/Experiments/r1_E1_3_1/20220207_145306000_iOS.jpg?csf=1&web=1&e=mZ21tB,Agustin Soto,30.3,3.135313531,3.894389439,3.333333333,3.696369637,0,0,13.01463459,99,0.1482516325,1.650165017,0.4290429043,0,13.92857143,11.78571429,3.629032258,,0.8047706897,03/10/2023,r5_E1_5_1,997.77,0.001,0.0728,"E, W",E,W,DLRS,350,1078,1.683168317,0.002316333671,0.7549019608,0.310686241,2.316333671,1,0.4653906358,3.064391325
8,r8,49.03922353,parallel,2,Pink JG20-1.0HP (ID: 0.024''; OD: 0.036'') - 1.5'',E1_5_1,horizontal,standard,2,https://liveutk-my.sharepoint.com/:i:/r/personal/grible_vols_utk_edu/Documents/Fur%20Wetting/Experiments/h1_E2_3_1/camerasettingshydrophoc4-7.PNG?csf=1&web=1&e=wCtXFs,https://liveutk-my.sharepoint.com/:i:/r/personal/grible_vols_utk_edu/Documents/Fur%20Wetting/Experiments/r1_E1_3_1/20220207_145306000_iOS.jpg?csf=1&web=1&e=mZ21tB,Agustin Soto,31.2,2.628205128,2.628205128,4.358974359,4.903846154,0,0,20.98210205,126,0.1063274972,1.378205128,0.9294871795,0,0.8928571429,7.1140553,1.987327189,,0.5855069985,03/10/2023,r5_E1_5_2,997.77,0.001,0.0728,"E, W",E,W,DLRS,350,1078,2.980769231,0.002716064791,0.7549019608,0.2271821348,2.716064791,1,0.3968977484,1.921266192
9,r9,49.03922353,parallel,2,Pink JG20-1.0HP (ID: 0.024''; OD: 0.036'') - 1.5'',E1_5_1,horizontal,standard,3,https://liveutk-my.sharepoint.com/:i:/r/personal/grible_vols_utk_edu/Documents/Fur%20Wetting/Experiments/h1_E2_3_1/camerasettingshydrophoc4-7.PNG?csf=1&web=1&e=wCtXFs,https://liveutk-my.sharepoint.com/:i:/r/personal/grible_vols_utk_edu/Documents/Fur%20Wetting/Experiments/r1_E1_3_1/20220207_145306000_iOS.jpg?csf=1&web=1&e=mZ21tB,Agustin Soto,30,2.733333333,3.1,4.266666667,5.5,0,0,24.49643309,136,0.06526304762,1.3,0,0,2.806451613,6.622119816,1.755760369,,0.9724015685,03/10/2023,r5_E1_5_3,997.77,0.001,0.0728,"E, W",E,W,DLRS,350,1078,2.966666667,0.002859947612,0.7549019608,0.225487909,2.859947612,1,0.3769299813,1.992983297
55,r55,144.1152692,parallel,2,Pink JG20-1.0HP (ID: 0.024''; OD: 0.036'') - 1.5'',E1_3_2,horizontal,standard,1,https://liveutk-my.sharepoint.com/:i:/r/personal/grible_vols_utk_edu/Documents/Fur%20Wetting/Experiments/h1_E2_3_1/camerasettingshydrophoc4-7.PNG?csf=1&web=1&e=wCtXFs,https://liveutk-my.sharepoint.com/:i:/r/personal/grible_vols_utk_edu/Documents/Fur%20Wetting/Experiments/r1_E1_3_1/20220207_145306000_iOS.jpg?csf=1&web=1&e=mZ21tB,Agustin Soto,30.6,1.568627451,2.026143791,6.176470588,6.176470588,0.09803921569,0.09803921569,21.2596977,117,0.1087176341,2.745098039,-0.1960784314,0.003203895937,9.648617512,13.39285714,19.15322581,19.15322581,1.750269564,03/14/2023,r5_E1_3_10,997.77,0.001,0.0728,"E, W",E,W,NR,350,483,3.431372549,0.002727990303,0.5798319328,0.5115769712,2.727990303,2,0.1770534153,9.785068213
56,r56,144.1152692,parallel,2,Pink JG20-1.0HP (ID: 0.024''; OD: 0.036'') - 1.5'',E1_3_2,horizontal,standard,2,https://liveutk-my.sharepoint.com/:i:/r/personal/grible_vols_utk_edu/Documents/Fur%20Wetting/Experiments/h1_E2_3_1/camerasettingshydrophoc4-7.PNG?csf=1&web=1&e=wCtXFs,https://liveutk-my.sharepoint.com/:i:/r/personal/grible_vols_utk_edu/Documents/Fur%20Wetting/Experiments/r1_E1_3_1/20220207_145306000_iOS.jpg?csf=1&web=1&e=mZ21tB,Agustin Soto,30.4,2.302631579,2.302631579,6.578947368,6.776315789,0,0,21.62460477,108,0.8088886804,3.388157895,0.8552631579,0,6.407834101,10.97004608,12.54608295,12.54608295,1.686972578,03/14/2023,r5_E1_3_11,997.77,0.001,0.0728,"E, W",E,W,NR,350,483,3.190789474,0.002783210349,0.5798319328,0.5868999422,2.783210349,2,0.1735406022,13.13933019
57,r57,144.1152692,parallel,2,Pink JG20-1.0HP (ID: 0.024''; OD: 0.036'') - 1.5'',E1_3_2,horizontal,standard,3,https://liveutk-my.sharepoint.com/:i:/r/personal/grible_vols_utk_edu/Documents/Fur%20Wetting/Experiments/h1_E2_3_1/camerasettingshydrophoc4-7.PNG?csf=1&web=1&e=wCtXFs,https://liveutk-my.sharepoint.com/:i:/r/personal/grible_vols_utk_edu/Documents/Fur%20Wetting/Experiments/r1_E1_3_1/20220207_145306000_iOS.jpg?csf=1&web=1&e=mZ21tB,Agustin Soto,31.4,2.261146497,2.261146497,6.751592357,6.910828025,0,0,19.93125709,112,0.10124454,3.152866242,0.923566879,0,9.072580645,13.5656682,16.1578341,16.1578341,1.715957695,03/14/2023,r5_E1_3_12,997.77,0.001,0.0728,"E, W",E,W,NR,350,483,3.598726115,0.002669943213,0.5798319328,0.5497811521,2.669943213,2,0.180902724,11.06065334
58,r58,100,parallel,2,Pink JG20-1.0HP (ID: 0.024''; OD: 0.036'') - 1.5'',E1_4_1,horizontal,standard,1,https://liveutk-my.sharepoint.com/:i:/r/personal/grible_vols_utk_edu/Documents/Fur%20Wetting/Experiments/h1_E2_3_1/camerasettingshydrophoc4-7.PNG?csf=1&web=1&e=wCtXFs,https://liveutk-my.sharepoint.com/:i:/r/personal/grible_vols_utk_edu/Documents/Fur%20Wetting/Experiments/r1_E1_3_1/20220207_145306000_iOS.jpg?csf=1&web=1&e=mZ21tB,Agustin Soto,31,2.838709677,2.838709677,5,5.225806452,0,0,20.09011375,102,0.03600309488,2,1,0,9.239631336,11.03686636,14.63133641,14.63133641,1.471698705,03/14/2023,r5_E1_4_10,997.77,0.001,0.0728,"E, W",E,W,NR,350,650,3,0.002677017802,0.65,0.5138822129,2.677017802,2,0.2428075,9.688967363
59,r59,100,parallel,2,Pink JG20-1.0HP (ID: 0.024''; OD: 0.036'') - 1.5'',E1_4_1,horizontal,standard,2,https://liveutk-my.sharepoint.com/:i:/r/personal/grible_vols_utk_edu/Documents/Fur%20Wetting/Experiments/h1_E2_3_1/camerasettingshydrophoc4-7.PNG?csf=1&web=1&e=wCtXFs,https://liveutk-my.sharepoint.com/:i:/r/personal/grible_vols_utk_edu/Documents/Fur%20Wetting/Experiments/r1_E1_3_1/20220207_145306000_iOS.jpg?csf=1&web=1&e=mZ21tB,Agustin Soto,31,2.838709677,2.838709677,5.225806452,5.387096774,0,0,19.67828998,106,0.03128629108,2.193548387,1,0,9.533410138,15.12096774,19.26843318,19.26843318,1.456303499,03/14/2023,r5_E1_4_11,997.77,0.001,0.0728,"E, W",E,W,NR,350,650,3.032258065,0.002688380872,0.65,0.5106650179,2.688380872,2,0.2417812174,9.608643402
60,r60,100,parallel,2,Pink JG20-1.0HP (ID: 0.024''; OD: 0.036'') - 1.5'',E1_4_1,horizontal,standard,3,https://liveutk-my.sharepoint.com/:i:/r/personal/grible_vols_utk_edu/Documents/Fur%20Wetting/Experiments/h1_E2_3_1/camerasettingshydrophoc4-7.PNG?csf=1&web=1&e=wCtXFs,https://liveutk-my.sharepoint.com/:i:/r/personal/grible_vols_utk_edu/Documents/Fur%20Wetting/Experiments/r1_E1_3_1/20220207_145306000_iOS.jpg?csf=1&web=1&e=mZ21tB,Agustin Soto,31.4,2.834394904,2.834394904,5.191082803,5.350318471,0,0,18.92926532,105,0.05583847013,2.356687898,1.114649682,0,6.14516129,7.338709677,9.983870968,9.983870968,1.407617403,03/14/2023,r5_E1_4_12,997.77,0.001,0.0728,"E, W",E,W,NR,350,650,2.834394904,0.002645472472,0.65,0.4857147511,2.645472472,2,0.2457028024,8.553914317
61,r61,49.03922353,parallel,2,Pink JG20-1.0HP (ID: 0.024''; OD: 0.036'') - 1.5'',E1_5_1,horizontal,standard,1,https://liveutk-my.sharepoint.com/:i:/r/personal/grible_vols_utk_edu/Documents/Fur%20Wetting/Experiments/h1_E2_3_1/camerasettingshydrophoc4-7.PNG?csf=1&web=1&e=wCtXFs,https://liveutk-my.sharepoint.com/:i:/r/personal/grible_vols_utk_edu/Documents/Fur%20Wetting/Experiments/r1_E1_3_1/20220207_145306000_iOS.jpg?csf=1&web=1&e=mZ21tB,Agustin Soto,30.4,4.078947368,4.638157895,4.440789474,4.736842105,0.09868421053,0,19.32595874,164,0.04936352722,2.105263158,0.03289473684,0.003246191136,30.81797235,29.43548387,35.08064516,,4.968802563,03/14/2023,r5_E1_5_10,997.77,0.001,0.0728,"E, W",E,W,i,350,1078,2.335526316,0.002642636789,0.7549019608,0.4986357133,2.642636789,2,0.4079259035,9.005406053
62,r62,49.03922353,parallel,2,Pink JG20-1.0HP (ID: 0.024''; OD: 0.036'') - 1.5'',E1_5_1,horizontal,standard,2,https://liveutk-my.sharepoint.com/:i:/r/personal/grible_vols_utk_edu/Documents/Fur%20Wetting/Experiments/h1_E2_3_1/camerasettingshydrophoc4-7.PNG?csf=1&web=1&e=wCtXFs,https://liveutk-my.sharepoint.com/:i:/r/personal/grible_vols_utk_edu/Documents/Fur%20Wetting/Experiments/r1_E1_3_1/20220207_145306000_iOS.jpg?csf=1&web=1&e=mZ21tB,Agustin Soto,30,4.166666667,4.166666667,4.4,4.7,0,0,22.41208423,101,0.02267645988,1.733333333,1.066666667,0,2.246543779,23.21428571,2.476958525,,1.551688157,03/14/2023,r5_E1_5_11,997.77,0.001,0.0728,"E, W",E,W,i,350,1078,2.666666667,0.002776416027,0.7549019608,0.5874725275,2.776416027,2,0.3882703419,13.1328423
63,r63,49.03922353,parallel,2,Pink JG20-1.0HP (ID: 0.024''; OD: 0.036'') - 1.5'',E1_5_1,horizontal,standard,3,https://liveutk-my.sharepoint.com/:i:/r/personal/grible_vols_utk_edu/Documents/Fur%20Wetting/Experiments/h1_E2_3_1/camerasettingshydrophoc4-7.PNG?csf=1&web=1&e=wCtXFs,https://liveutk-my.sharepoint.com/:i:/r/personal/grible_vols_utk_edu/Documents/Fur%20Wetting/Experiments/r1_E1_3_1/20220207_145306000_iOS.jpg?csf=1&web=1&e=mZ21tB,Agustin Soto,29.4,4.25170068,4.931972789,4.319727891,4.693877551,0,0,17.93140766,103,0.4382661768,1.462585034,0,0,23.82488479,20.41474654,2.995391705,,1.937720059,03/14/2023,r5_E1_5_12,997.77,0.001,0.0728,"E, W",E,W,i,350,1078,2.857142857,0.002577479711,0.7549019608,0.5639424965,2.577479711,2,0.4182380158,11.23476423
109,r109,144.1152692,parallel,2,Pink JG20-1.0HP (ID: 0.024''; OD: 0.036'') - 1.5'',E1_3_2,horizontal,standard,1,https://liveutk-my.sharepoint.com/:i:/r/personal/grible_vols_utk_edu/Documents/Fur%20Wetting/Experiments/h1_E2_3_1/camerasettingshydrophoc4-7.PNG?csf=1&web=1&e=wCtXFs,https://liveutk-my.sharepoint.com/:i:/r/personal/grible_vols_utk_edu/Documents/Fur%20Wetting/Experiments/r1_E1_3_1/20220207_145306000_iOS.jpg?csf=1&web=1&e=mZ21tB,Agustin Soto,28.5,2.456140351,2.877192982,6.105263158,6.245614035,0.1052631579,0,27.33363773,82,0.005845757726,2.526315789,0.0350877193,0.1052631579,2.442396313,15.71428571,4.65437788,,2.285435479,03/21/2023,r5_E1_3_19,997.77,0.001,0.0728,"E, W",E,W,NR,350,483,3.578947368,0.00287482304,0.5798319328,0.7978342378,2.87482304,3,0.1680103413,25.08046119
110,r110,144.1152692,parallel,2,Pink JG20-1.0HP (ID: 0.024''; OD: 0.036'') - 1.5'',E1_3_2,horizontal,standard,2,https://liveutk-my.sharepoint.com/:i:/r/personal/grible_vols_utk_edu/Documents/Fur%20Wetting/Experiments/h1_E2_3_1/camerasettingshydrophoc4-7.PNG?csf=1&web=1&e=wCtXFs,https://liveutk-my.sharepoint.com/:i:/r/personal/grible_vols_utk_edu/Documents/Fur%20Wetting/Experiments/r1_E1_3_1/20220207_145306000_iOS.jpg?csf=1&web=1&e=mZ21tB,Agustin Soto,28.8,2.430555556,2.847222222,5.625,5.694444444,0,0,26.46163685,77,0.06620152763,2.152777778,0.03472222222,0,3.83640553,9.781105991,4.18202765,,2.125125009,03/21/2023,r5_E1_3_20,997.77,0.001,0.0728,"E, W",E,W,NR,350,483,3.472222222,0.002892891904,0.5798319328,0.832983909,2.892891904,3,0.1669609567,27.51088065
111,r111,144.1152692,parallel,2,Pink JG20-1.0HP (ID: 0.024''; OD: 0.036'') - 1.5'',E1_3_2,horizontal,standard,3,https://liveutk-my.sharepoint.com/:i:/r/personal/grible_vols_utk_edu/Documents/Fur%20Wetting/Experiments/h1_E2_3_1/camerasettingshydrophoc4-7.PNG?csf=1&web=1&e=wCtXFs,https://liveutk-my.sharepoint.com/:i:/r/personal/grible_vols_utk_edu/Documents/Fur%20Wetting/Experiments/r1_E1_3_1/20220207_145306000_iOS.jpg?csf=1&web=1&e=mZ21tB,Agustin Soto,29.7,2.356902357,2.65993266,5.31986532,5.387205387,0,0,23.60864444,73,0.04079736752,1.851851852,0.03367003367,0,7.430875576,5.149769585,3.214285714,,1.519578857,03/21/2023,r5_E1_3_21,997.77,0.001,0.0728,"E, W",E,W,NR,350,483,3.468013468,0.00282497198,0.5798319328,0.7575472398,2.82497198,3,0.1709751472,22.21941637
112,r112,100,parallel,2,Pink JG20-1.0HP (ID: 0.024''; OD: 0.036'') - 1.5'',E1_4_1,horizontal,standard,1,https://liveutk-my.sharepoint.com/:i:/r/personal/grible_vols_utk_edu/Documents/Fur%20Wetting/Experiments/h1_E2_3_1/camerasettingshydrophoc4-7.PNG?csf=1&web=1&e=wCtXFs,https://liveutk-my.sharepoint.com/:i:/r/personal/grible_vols_utk_edu/Documents/Fur%20Wetting/Experiments/r1_E1_3_1/20220207_145306000_iOS.jpg?csf=1&web=1&e=mZ21tB,Agustin Soto,30.3,2.838283828,3.300330033,4.290429043,4.620462046,0,0,21.57360512,72,0.01991310228,1.650165017,0,0,3.214285714,10.47235023,3.14516129,,1.543597903,03/21/2023,r5_E1_4_19,997.77,0.001,0.0728,"E, W",E,W,DLRS,350,650,2.640264026,0.002741351358,0.65,0.7467430954,2.741351358,3,0.2371093359,20.95106944
113,r113,100,parallel,2,Pink JG20-1.0HP (ID: 0.024''; OD: 0.036'') - 1.5'',E1_4_1,horizontal,standard,2,https://liveutk-my.sharepoint.com/:i:/r/personal/grible_vols_utk_edu/Documents/Fur%20Wetting/Experiments/h1_E2_3_1/camerasettingshydrophoc4-7.PNG?csf=1&web=1&e=wCtXFs,https://liveutk-my.sharepoint.com/:i:/r/personal/grible_vols_utk_edu/Documents/Fur%20Wetting/Experiments/r1_E1_3_1/20220207_145306000_iOS.jpg?csf=1&web=1&e=mZ21tB,Agustin Soto,30.9,2.783171521,3.203883495,4.433656958,4.724919094,0,0,20.64697698,69,0.06254386344,1.682847896,0.03236245955,0,3.369815668,5.846774194,2.332949309,,1.156481542,03/21/2023,r5_E1_4_20,997.77,0.001,0.0728,"E, W",E,W,DLRS,350,650,2.750809061,0.002701526831,0.65,0.7383891035,2.701526831,3,0.2406046805,20.18733109
114,r114,100,parallel,2,Pink JG20-1.0HP (ID: 0.024''; OD: 0.036'') - 1.5'',E1_4_1,horizontal,standard,3,https://liveutk-my.sharepoint.com/:i:/r/personal/grible_vols_utk_edu/Documents/Fur%20Wetting/Experiments/h1_E2_3_1/camerasettingshydrophoc4-7.PNG?csf=1&web=1&e=wCtXFs,https://liveutk-my.sharepoint.com/:i:/r/personal/grible_vols_utk_edu/Documents/Fur%20Wetting/Experiments/r1_E1_3_1/20220207_145306000_iOS.jpg?csf=1&web=1&e=mZ21tB,Agustin Soto,30.3,2.838283828,3.432343234,4.323432343,4.587458746,0,0,22.03208167,71,0.04173763657,1.749174917,0,0,3.197004608,10.68548387,3.369815668,,1.338807851,03/21/2023,r5_E1_4_21,997.77,0.001,0.0728,"E, W",E,W,DLRS,350,650,2.574257426,0.002760634885,0.65,0.7391919316,2.760634885,3,0.235453085,20.67390279
115,r115,49.03922353,parallel,2,Pink JG20-1.0HP (ID: 0.024''; OD: 0.036'') - 1.5'',E1_5_1,horizontal,standard,1,https://liveutk-my.sharepoint.com/:i:/r/personal/grible_vols_utk_edu/Documents/Fur%20Wetting/Experiments/h1_E2_3_1/camerasettingshydrophoc4-7.PNG?csf=1&web=1&e=wCtXFs,https://liveutk-my.sharepoint.com/:i:/r/personal/grible_vols_utk_edu/Documents/Fur%20Wetting/Experiments/r1_E1_3_1/20220207_145306000_iOS.jpg?csf=1&web=1&e=mZ21tB,Agustin Soto,29.4,5.646258503,6.088435374,4.489795918,4.62585034,0.1020408163,0,23.78510095,80,0.1698238235,1.972789116,0,0.2040816327,13.32373272,13.22004608,3.784562212,,2.357649375,03/21/2023,r5_E1_5_19,997.77,0.001,0.0728,"E, i",E,i,ii,350,1078,2.517006803,0.002831992684,0.7549019608,0.7704052824,2.831992684,3,0.3806507009,23.03720004
116,r116,49.03922353,parallel,2,Pink JG20-1.0HP (ID: 0.024''; OD: 0.036'') - 1.5'',E1_5_1,horizontal,standard,2,https://liveutk-my.sharepoint.com/:i:/r/personal/grible_vols_utk_edu/Documents/Fur%20Wetting/Experiments/h1_E2_3_1/camerasettingshydrophoc4-7.PNG?csf=1&web=1&e=wCtXFs,https://liveutk-my.sharepoint.com/:i:/r/personal/grible_vols_utk_edu/Documents/Fur%20Wetting/Experiments/r1_E1_3_1/20220207_145306000_iOS.jpg?csf=1&web=1&e=mZ21tB,Agustin Soto,28.8,5.694444444,5.694444444,4.479166667,4.930555556,0,0,25.14859878,74,0.1308042409,1.5625,-0.1388888889,0,3.991935484,14.71774194,2.379032258,,1.723301372,03/21/2023,r5_E1_5_20,997.77,0.001,0.0728,"E, i",E,i,i,350,1078,2.916666667,0.002885105673,0.7549019608,0.7850378788,2.885105673,3,0.3736431598,24.36924151
117,r117,49.03922353,parallel,2,Pink JG20-1.0HP (ID: 0.024''; OD: 0.036'') - 1.5'',E1_5_1,horizontal,standard,3,https://liveutk-my.sharepoint.com/:i:/r/personal/grible_vols_utk_edu/Documents/Fur%20Wetting/Experiments/h1_E2_3_1/camerasettingshydrophoc4-7.PNG?csf=1&web=1&e=wCtXFs,https://liveutk-my.sharepoint.com/:i:/r/personal/grible_vols_utk_edu/Documents/Fur%20Wetting/Experiments/r1_E1_3_1/20220207_145306000_iOS.jpg?csf=1&web=1&e=mZ21tB,Agustin Soto,30,5.5,5.5,4.033333333,4.8,0,0,22.41678836,79,0.05735334144,1.2,-0.1,0,2.459677419,16.65322581,2.540322581,,1.91711754,03/21/2023,r5_E1_5_21,997.77,0.001,0.0728,"E, i",E,i,i,350,1078,2.833333333,0.002776610263,0.7549019608,0.7604411765,2.776610263,3,0.3882431807,22.0062092
163,r163,144.1152692,parallel,2,Pink JG20-1.0HP (ID: 0.024''; OD: 0.036'') - 1.5'',E1_3_2,horizontal,standard,1,https://liveutk-my.sharepoint.com/:i:/r/personal/grible_vols_utk_edu/Documents/Fur%20Wetting/Experiments/h1_E2_3_1/camerasettingshydrophoc4-7.PNG?csf=1&web=1&e=wCtXFs,https://liveutk-my.sharepoint.com/:i:/r/personal/grible_vols_utk_edu/Documents/Fur%20Wetting/Experiments/r1_E1_3_1/20220207_145306000_iOS.jpg?csf=1&web=1&e=mZ21tB,Will Stallions,30.3,3.069306931,3.102310231,4.851485149,6.666666667,0,0,17.84664283,19,0.01385538145,1.650165017,0,0.396039604,4.717741935,4.717741935,6.491935484,,2.2424948,01/11/2024,r5_E1_3_28,997.77,0.001,0.0728,"E, W",E,W,JLRS,350,483,3.201320132,0.002573411899,0.5798319328,1.4427157,2.573411899,4,0.1876885703,73.41247791
164,r164,144.1152692,parallel,2,Pink JG20-1.0HP (ID: 0.024''; OD: 0.036'') - 1.5'',E1_3_2,horizontal,standard,2,https://liveutk-my.sharepoint.com/:i:/r/personal/grible_vols_utk_edu/Documents/Fur%20Wetting/Experiments/h1_E2_3_1/camerasettingshydrophoc4-7.PNG?csf=1&web=1&e=wCtXFs,https://liveutk-my.sharepoint.com/:i:/r/personal/grible_vols_utk_edu/Documents/Fur%20Wetting/Experiments/r1_E1_3_1/20220207_145306000_iOS.jpg?csf=1&web=1&e=mZ21tB,Will Stallions,30,3.133333333,3.5,4.3,6.466666667,0,0,18.46428499,32,0.4322139303,1.2,0.03333333333,0.3333333333,4.925115207,15.50115207,5.961981567,,1.71321434,01/11/2024,r5_E1_3_29,997.77,0.001,0.0728,"E, W",E,W,JLRS,350,483,3.1,0.002602763008,0.5798319328,1.486363636,2.602763008,4,0.1855720243,78.81045445
165,r165,144.1152692,parallel,2,Pink JG20-1.0HP (ID: 0.024''; OD: 0.036'') - 1.5'',E1_3_2,horizontal,standard,3,https://liveutk-my.sharepoint.com/:i:/r/personal/grible_vols_utk_edu/Documents/Fur%20Wetting/Experiments/h1_E2_3_1/camerasettingshydrophoc4-7.PNG?csf=1&web=1&e=wCtXFs,https://liveutk-my.sharepoint.com/:i:/r/personal/grible_vols_utk_edu/Documents/Fur%20Wetting/Experiments/r1_E1_3_1/20220207_145306000_iOS.jpg?csf=1&web=1&e=mZ21tB,Will Stallions,29.1,3.23024055,3.23024055,4.536082474,5.979381443,0,0,21.06826413,25,0.3243698628,1.821305842,0.03436426117,0.4810996564,2.384792627,18.90552995,5.979262673,,2.257857273,01/11/2024,r5_E1_3_30,997.77,0.001,0.0728,"E, W",E,W,JLRS,350,483,2.714776632,0.002719777514,0.5798319328,1.53521736,2.719777514,4,0.1775880555,87.85615381
166,r166,100,parallel,2,Pink JG20-1.0HP (ID: 0.024''; OD: 0.036'') - 1.5'',E1_4_1,horizontal,standard,1,https://liveutk-my.sharepoint.com/:i:/r/personal/grible_vols_utk_edu/Documents/Fur%20Wetting/Experiments/h1_E2_3_1/camerasettingshydrophoc4-7.PNG?csf=1&web=1&e=wCtXFs,https://liveutk-my.sharepoint.com/:i:/r/personal/grible_vols_utk_edu/Documents/Fur%20Wetting/Experiments/r1_E1_3_1/20220207_145306000_iOS.jpg?csf=1&web=1&e=mZ21tB,Zack Morgan,22.6,5.663716814,5.707964602,4.247787611,4.601769912,0,0,20.59269683,60,0.568513355,2.389380531,-0.08849557522,0,11.23271889,24.15898618,22.70737327,24.15898618,6.582225982,02/01/2024,r5_E1_4_28,997.77,0.001,0.0728,"E, ii",E,ii,i,350,650,1.85840708,0.002699157348,0.65,1.440524078,2.699157348,4,0.2408158978,76.76589339
167,r167,100,parallel,2,Pink JG20-1.0HP (ID: 0.024''; OD: 0.036'') - 1.5'',E1_4_1,horizontal,standard,2,https://liveutk-my.sharepoint.com/:i:/r/personal/grible_vols_utk_edu/Documents/Fur%20Wetting/Experiments/h1_E2_3_1/camerasettingshydrophoc4-7.PNG?csf=1&web=1&e=wCtXFs,https://liveutk-my.sharepoint.com/:i:/r/personal/grible_vols_utk_edu/Documents/Fur%20Wetting/Experiments/r1_E1_3_1/20220207_145306000_iOS.jpg?csf=1&web=1&e=mZ21tB,Zack Morgan,21.8,6.926605505,6.926605505,3.623853211,4.082568807,0,0,21.85223338,60,0.0266733419,1.717171717,0.9427609428,0,2.661290323,8.605990783,4.804147465,,1.302307427,02/01/2024,r5_E1_4_29,997.77,0.001,0.0728,"E, ii",E,ii,ii,350,650,1.906681494,0.002753102647,0.65,1.496559633,2.753102647,4,0.2360972631,84.510276
168,r168,100,parallel,2,Pink JG20-1.0HP (ID: 0.024''; OD: 0.036'') - 1.5'',E1_4_1,horizontal,standard,3,https://liveutk-my.sharepoint.com/:i:/r/personal/grible_vols_utk_edu/Documents/Fur%20Wetting/Experiments/h1_E2_3_1/camerasettingshydrophoc4-7.PNG?csf=1&web=1&e=wCtXFs,https://liveutk-my.sharepoint.com/:i:/r/personal/grible_vols_utk_edu/Documents/Fur%20Wetting/Experiments/r1_E1_3_1/20220207_145306000_iOS.jpg?csf=1&web=1&e=mZ21tB,Zack Morgan,22.6,6.637168142,6.637168142,3.672566372,3.938053097,0,0,20.14999779,27,0.1714965403,1.681415929,-0.3539823009,0,11.35368664,36.13479263,36.13479263,36.13479263,0.880915193,02/01/2024,r5_E1_4_30,997.77,0.001,0.0728,"E, iii",E,iii,ii,350,650,1.991150442,0.002751598424,0.65,1.454354914,2.751598424,4,0.236226331,79.76730507
169,r169,49.03922353,parallel,2,Pink JG20-1.0HP (ID: 0.024''; OD: 0.036'') - 1.5'',E1_5.1_sb,horizontal,standard,1,https://liveutk-my.sharepoint.com/:i:/r/personal/grible_vols_utk_edu/Documents/Fur%20Wetting/Experiments/h1_E2_3_1/camerasettingshydrophoc4-7.PNG?csf=1&web=1&e=wCtXFs,https://liveutk-my.sharepoint.com/:i:/r/personal/grible_vols_utk_edu/Documents/Fur%20Wetting/Experiments/r1_E1_3_1/20220207_145306000_iOS.jpg?csf=1&web=1&e=mZ21tB,Zack Morgan,29.7,5.555555556,5.555555556,4.377104377,4.713804714,0.1346801347,0,21.99608785,71,0.05794351619,1.750841751,0.8080808081,0.2356902357,3.801843318,19.83870968,6.566820276,,2.364242654,03/22/2024,r5_E1_5_28,997.77,0.001,0.0728,"PDF, D",D,PDF,FDP,350,1078,2.626262626,0.002412408831,0.7549019608,1.419344262,2.412408831,4,0.446856265,66.60785761
170,r170,49.03922353,parallel,2,Pink JG20-1.0HP (ID: 0.024''; OD: 0.036'') - 1.5'',E1_5.1_sb,horizontal,standard,2,https://liveutk-my.sharepoint.com/:i:/r/personal/grible_vols_utk_edu/Documents/Fur%20Wetting/Experiments/h1_E2_3_1/camerasettingshydrophoc4-7.PNG?csf=1&web=1&e=wCtXFs,https://liveutk-my.sharepoint.com/:i:/r/personal/grible_vols_utk_edu/Documents/Fur%20Wetting/Experiments/r1_E1_3_1/20220207_145306000_iOS.jpg?csf=1&web=1&e=mZ21tB,Zack Morgan,29.7,7.003367003,7.003367003,5.892255892,5.925925926,0,0,21.33212263,70,0.09388439151,3.164983165,1.313131313,0,0.7488479263,13.99769585,2.476958525,,2.091645423,03/22/2024,r5_E1_5_29,997.77,0.001,0.0728,"PDF, D",D,PDF,FDP,350,1078,2.727272727,0.002390325882,0.7549019608,1.409817217,2.390325882,4,0.4509845324,65.11511267
171,r171,49.03922353,parallel,2,Pink JG20-1.0HP (ID: 0.024''; OD: 0.036'') - 1.5'',E1_5.1_sb,horizontal,standard,3,https://liveutk-my.sharepoint.com/:i:/r/personal/grible_vols_utk_edu/Documents/Fur%20Wetting/Experiments/h1_E2_3_1/camerasettingshydrophoc4-7.PNG?csf=1&web=1&e=wCtXFs,https://liveutk-my.sharepoint.com/:i:/r/personal/grible_vols_utk_edu/Documents/Fur%20Wetting/Experiments/r1_E1_3_1/20220207_145306000_iOS.jpg?csf=1&web=1&e=mZ21tB,Zack Morgan,30.9,5.339805825,5.339805825,4.368932039,4.498381877,0,0,20.04272001,72,0.007931764625,1.747572816,-0.09708737864,0.1294498382,3.525345622,13.89400922,2.557603687,,2.287964173,03/22/2024,r5_E1_5_30,997.77,0.001,0.0728,"PDF, D",D,PDF,FDP,350,1078,2.621359223,0.002674911065,0.7549019608,1.425936421,2.674911065,4,0.4030040528,74.54332034
19,r19,144.1152692,parallel,2,Pink JG20-1.0HP (ID: 0.024''; OD: 0.036'') - 1.5'',E1_3_2,horizontal,front facing up,1,https://liveutk-my.sharepoint.com/:i:/r/personal/grible_vols_utk_edu/Documents/Fur%20Wetting/Experiments/h1_E2_3_1/camerasettingshydrophoc4-7.PNG?csf=1&web=1&e=wCtXFs,https://liveutk-my.sharepoint.com/:i:/r/personal/grible_vols_utk_edu/Documents/Fur%20Wetting/Experiments/r1_E1_3_1/20220207_145306000_iOS.jpg?csf=1&web=1&e=mZ21tB,Zack Morgan,25.8,0.7364341085,1.201550388,6.472868217,6.472868217,0.3875968992,0.2713178295,12.93019261,357,0.07012816672,3.294573643,0,,10.68548387,14.07258065,27.78225806,27.78225806,21.65284893,03/22/2024,r5_E1_3_4,997.77,0.001,0.0728,"E, W",E,W,JLRD,350,483,3.178294574,0.002513335483,0.5798319328,0.3148736272,2.513335483,1,0.1921749019,3.415246848
20,r20,144.1152692,parallel,2,Pink JG20-1.0HP (ID: 0.024''; OD: 0.036'') - 1.5'',E1_3_2,horizontal,front facing up,2,https://liveutk-my.sharepoint.com/:i:/r/personal/grible_vols_utk_edu/Documents/Fur%20Wetting/Experiments/h1_E2_3_1/camerasettingshydrophoc4-7.PNG?csf=1&web=1&e=wCtXFs,https://liveutk-my.sharepoint.com/:i:/r/personal/grible_vols_utk_edu/Documents/Fur%20Wetting/Experiments/r1_E1_3_1/20220207_145306000_iOS.jpg?csf=1&web=1&e=mZ21tB,Agustin Soto,29.7,1.515151515,1.515151515,6.868686869,7.003367003,0,0,20.59821951,166,2.15140805,3.03030303,0.7407407407,0,0.9815668203,3.912442396,1.534562212,,0.9093205108,03/10/2023,r5_E1_3_5,997.77,0.001,0.0728,"T, W",T,W,JLRD,350,483,3.838383838,0.002699398619,0.5798319328,0.2629948426,2.699398619,1,0.1789287423,2.558942621
21,r21,144.1152692,parallel,2,Pink JG20-1.0HP (ID: 0.024''; OD: 0.036'') - 1.5'',E1_3_2,horizontal,front facing up,3,https://liveutk-my.sharepoint.com/:i:/r/personal/grible_vols_utk_edu/Documents/Fur%20Wetting/Experiments/h1_E2_3_1/camerasettingshydrophoc4-7.PNG?csf=1&web=1&e=wCtXFs,https://liveutk-my.sharepoint.com/:i:/r/personal/grible_vols_utk_edu/Documents/Fur%20Wetting/Experiments/r1_E1_3_1/20220207_145306000_iOS.jpg?csf=1&web=1&e=mZ21tB,Agustin Soto,30.9,0.2912621359,0.8090614887,5.177993528,5.598705502,1.553398058,0.9708737864,-0.2536766864,114,0.08017946503,1.42394822,-1.003236246,2.750809061,2.557603687,21.9124424,19.83870968,,0.7964091599,03/10/2023,r5_E1_3_6,997.77,0.001,0.0728,"T, W",T,W,JIB,350,483,3.754045307,0.002703755382,0.5798319328,0.2018714581,2.703755382,1,0.1786404211,1.510136829
22,r22,100,parallel,2,Pink JG20-1.0HP (ID: 0.024''; OD: 0.036'') - 1.5'',E1_4_1,horizontal,front facing up,1,https://liveutk-my.sharepoint.com/:i:/r/personal/grible_vols_utk_edu/Documents/Fur%20Wetting/Experiments/h1_E2_3_1/camerasettingshydrophoc4-7.PNG?csf=1&web=1&e=wCtXFs,https://liveutk-my.sharepoint.com/:i:/r/personal/grible_vols_utk_edu/Documents/Fur%20Wetting/Experiments/r1_E1_3_1/20220207_145306000_iOS.jpg?csf=1&web=1&e=mZ21tB,Agustin Soto,30.8,1.948051948,2.24025974,6.363636364,6.590909091,0.0974025974,0,18.5939326,118,0.06165402328,1.233766234,0.06493506494,,,,,,,03/10/2023,r5_E1_4_4,997.77,0.001,0.0728,"E, W",E,W,NR,350,650,5.12987013,0.002608840602,0.65,0.2364903035,2.608840602,1,0.2491528228,1.999738854
23,r23,100,parallel,2,Pink JG20-1.0HP (ID: 0.024''; OD: 0.036'') - 1.5'',E1_4_1,horizontal,front facing up,2,https://liveutk-my.sharepoint.com/:i:/r/personal/grible_vols_utk_edu/Documents/Fur%20Wetting/Experiments/h1_E2_3_1/camerasettingshydrophoc4-7.PNG?csf=1&web=1&e=wCtXFs,https://liveutk-my.sharepoint.com/:i:/r/personal/grible_vols_utk_edu/Documents/Fur%20Wetting/Experiments/r1_E1_3_1/20220207_145306000_iOS.jpg?csf=1&web=1&e=mZ21tB,Agustin Soto,28.2,2.092198582,2.092198582,6.134751773,6.453900709,0,0,27.38539198,123,0.1086347584,2.092198582,0,0.3191489362,0.09331797235,2.830645161,2.125576037,,0.9154006793,03/10/2023,r5_E1_4_5,997.77,0.001,0.0728,"D, W",D,W,NR,350,650,4.042553191,0.002968224744,0.65,0.2397454365,2.968224744,1,0.2189861133,2.338280146
24,r24,100,parallel,2,Pink JG20-1.0HP (ID: 0.024''; OD: 0.036'') - 1.5'',E1_4_1,horizontal,front facing up,3,https://liveutk-my.sharepoint.com/:i:/r/personal/grible_vols_utk_edu/Documents/Fur%20Wetting/Experiments/h1_E2_3_1/camerasettingshydrophoc4-7.PNG?csf=1&web=1&e=wCtXFs,https://liveutk-my.sharepoint.com/:i:/r/personal/grible_vols_utk_edu/Documents/Fur%20Wetting/Experiments/r1_E1_3_1/20220207_145306000_iOS.jpg?csf=1&web=1&e=mZ21tB,Agustin Soto,31.2,0.9294871795,1.41025641,6.153846154,6.185897436,0.7371794872,0.6730769231,12.65838735,253,0.01932926027,2.467948718,-0.2564102564,1.057692308,1.958525346,6.520737327,7.211981567,,4.990951203,03/10/2023,r5_E1_4_6,997.77,0.001,0.0728,"D, W",D,W,SDRD,350,650,3.685897436,0.002688122774,0.65,0.2439325381,2.688122774,1,0.2418044318,2.192237648
25,r25,49.03922353,parallel,2,Pink JG20-1.0HP (ID: 0.024''; OD: 0.036'') - 1.5'',E1_5_1,horizontal,front facing up,1,https://liveutk-my.sharepoint.com/:i:/r/personal/grible_vols_utk_edu/Documents/Fur%20Wetting/Experiments/h1_E2_3_1/camerasettingshydrophoc4-7.PNG?csf=1&web=1&e=wCtXFs,https://liveutk-my.sharepoint.com/:i:/r/personal/grible_vols_utk_edu/Documents/Fur%20Wetting/Experiments/r1_E1_3_1/20220207_145306000_iOS.jpg?csf=1&web=1&e=mZ21tB,Agustin Soto,30.9,2.686084142,2.686084142,3.818770227,4.660194175,0,0,1.264481765,112,0.09690411916,1.262135922,1.003236246,0,5.253456221,29.40092166,6.912442396,,3.160677676,03/10/2023,r5_E1_5_4,997.77,0.001,0.0728,"E, W",E,W,DLRS,350,1078,2.556634304,0.002872875269,0.7549019608,0.273667737,2.872875269,1,0.3752338333,2.948920302
26,r26,49.03922353,parallel,2,Pink JG20-1.0HP (ID: 0.024''; OD: 0.036'') - 1.5'',E1_5_1,horizontal,front facing up,2,https://liveutk-my.sharepoint.com/:i:/r/personal/grible_vols_utk_edu/Documents/Fur%20Wetting/Experiments/h1_E2_3_1/camerasettingshydrophoc4-7.PNG?csf=1&web=1&e=wCtXFs,https://liveutk-my.sharepoint.com/:i:/r/personal/grible_vols_utk_edu/Documents/Fur%20Wetting/Experiments/r1_E1_3_1/20220207_145306000_iOS.jpg?csf=1&web=1&e=mZ21tB,Agustin Soto,29.4,2.857142857,3.197278912,4.523809524,5.170068027,0,0,25.29933734,120,0.06435895998,1.360544218,0.8503401361,0,0.9838709677,5.338709677,1.983870968,,0.6126464316,03/10/2023,r5_E1_5_5,997.77,0.001,0.0728,"E, W",E,W,DLRS,350,1078,3.163265306,0.002890858554,0.7549019608,0.2310096753,2.890858554,1,0.3728996006,2.114395591
27,r27,49.03922353,parallel,2,Pink JG20-1.0HP (ID: 0.024''; OD: 0.036'') - 1.5'',E1_5_1,horizontal,front facing up,3,https://liveutk-my.sharepoint.com/:i:/r/personal/grible_vols_utk_edu/Documents/Fur%20Wetting/Experiments/h1_E2_3_1/camerasettingshydrophoc4-7.PNG?csf=1&web=1&e=wCtXFs,https://liveutk-my.sharepoint.com/:i:/r/personal/grible_vols_utk_edu/Documents/Fur%20Wetting/Experiments/r1_E1_3_1/20220207_145306000_iOS.jpg?csf=1&web=1&e=mZ21tB,Agustin Soto,28.5,2.947368421,2.947368421,4.631578947,5.438596491,0,0,21.26007313,127,0.06515830241,1.228070175,0.8771929825,0,0.9838709677,5.338709677,2.016129032,,0.6564108236,03/10/2023,r5_E1_5_6,997.77,0.001,0.0728,"E, W",E,W,DLRS,350,1078,3.403508772,0.002728006361,0.7549019608,0.2335686394,2.728006361,1,0.3951603689,2.039733849
73,r73,144.1152692,parallel,2,Pink JG20-1.0HP (ID: 0.024''; OD: 0.036'') - 1.5'',E1_3_2,horizontal,front facing up,1,https://liveutk-my.sharepoint.com/:i:/r/personal/grible_vols_utk_edu/Documents/Fur%20Wetting/Experiments/h1_E2_3_1/camerasettingshydrophoc4-7.PNG?csf=1&web=1&e=wCtXFs,https://liveutk-my.sharepoint.com/:i:/r/personal/grible_vols_utk_edu/Documents/Fur%20Wetting/Experiments/r1_E1_3_1/20220207_145306000_iOS.jpg?csf=1&web=1&e=mZ21tB,Zack Morgan,21.9,1.461187215,1.461187215,6.484018265,6.529680365,0.3196347032,0.3196347032,12.55251153,67,0.02934566587,2.237442922,0.09132420091,0.4712161965,8.709677419,5.023041475,13.31797235,,2.151275572,03/22/2024,r5_E1_3_13,997.77,0.001,0.0728,"D, W",D,W,JLRD,350,483,4.246575342,0.002660857029,0.5798319328,0.5278493738,2.660857029,2,0.181520463,10.16109763
74,r74,144.1152692,parallel,2,Pink JG20-1.0HP (ID: 0.024''; OD: 0.036'') - 1.5'',E1_3_2,horizontal,front facing up,2,https://liveutk-my.sharepoint.com/:i:/r/personal/grible_vols_utk_edu/Documents/Fur%20Wetting/Experiments/h1_E2_3_1/camerasettingshydrophoc4-7.PNG?csf=1&web=1&e=wCtXFs,https://liveutk-my.sharepoint.com/:i:/r/personal/grible_vols_utk_edu/Documents/Fur%20Wetting/Experiments/r1_E1_3_1/20220207_145306000_iOS.jpg?csf=1&web=1&e=mZ21tB,Zack Morgan,21.6,2.222222222,2.222222222,5.87962963,6.111111111,0,0,19.60332757,81,0.1590317522,1.944444444,0.787037037,0,4.199308756,10.93894009,2.955069124,,1.793033827,03/22/2024,r5_E1_3_14,997.77,0.001,0.0728,"E, W",E,W,JLRS,350,483,3.935185185,0.002655219281,0.5798319328,0.5102353985,2.655219281,2,0.1819058801,9.474158064
75,r75,144.1152692,parallel,2,Pink JG20-1.0HP (ID: 0.024''; OD: 0.036'') - 1.5'',E1_3_2,horizontal,front facing up,3,https://liveutk-my.sharepoint.com/:i:/r/personal/grible_vols_utk_edu/Documents/Fur%20Wetting/Experiments/h1_E2_3_1/camerasettingshydrophoc4-7.PNG?csf=1&web=1&e=wCtXFs,https://liveutk-my.sharepoint.com/:i:/r/personal/grible_vols_utk_edu/Documents/Fur%20Wetting/Experiments/r1_E1_3_1/20220207_145306000_iOS.jpg?csf=1&web=1&e=mZ21tB,Zack Morgan,21.3,2.20657277,2.20657277,5.305164319,5.44600939,0,0,18.81688134,72,0.127768998,1.737089202,0.7511737089,0,2.160138249,6.25,2.678571429,,1.779653852,03/22/2024,r5_E1_3_15,997.77,0.001,0.0728,"E, W",E,W,DLRS,350,483,3.568075117,0.002619226219,0.5798319328,0.5337479378,2.619226219,2,0.1844056067,10.22691137
76,r76,100,parallel,2,Pink JG20-1.0HP (ID: 0.024''; OD: 0.036'') - 1.5'',E1_4_1,horizontal,front facing up,1,https://liveutk-my.sharepoint.com/:i:/r/personal/grible_vols_utk_edu/Documents/Fur%20Wetting/Experiments/h1_E2_3_1/camerasettingshydrophoc4-7.PNG?csf=1&web=1&e=wCtXFs,https://liveutk-my.sharepoint.com/:i:/r/personal/grible_vols_utk_edu/Documents/Fur%20Wetting/Experiments/r1_E1_3_1/20220207_145306000_iOS.jpg?csf=1&web=1&e=mZ21tB,Agustin Soto,30.6,2.156862745,2.156862745,5.392156863,5.620915033,0,0,17.7601084,102,0.075793868,2.581699346,0.06535947712,0,7.776497696,12.26958525,17.03917051,17.03917051,1.692576174,03/14/2023,r5_E1_4_13,997.77,0.001,0.0728,"E, W",E,W,DLRS,350,650,2.810457516,0.002578668705,0.65,0.503606909,2.578668705,2,0.2520680531,8.963507194
77,r77,100,parallel,2,Pink JG20-1.0HP (ID: 0.024''; OD: 0.036'') - 1.5'',E1_4_1,horizontal,front facing up,2,https://liveutk-my.sharepoint.com/:i:/r/personal/grible_vols_utk_edu/Documents/Fur%20Wetting/Experiments/h1_E2_3_1/camerasettingshydrophoc4-7.PNG?csf=1&web=1&e=wCtXFs,https://liveutk-my.sharepoint.com/:i:/r/personal/grible_vols_utk_edu/Documents/Fur%20Wetting/Experiments/r1_E1_3_1/20220207_145306000_iOS.jpg?csf=1&web=1&e=mZ21tB,Agustin Soto,32.2,1.832298137,2.51552795,5.341614907,5.559006211,0,0,15.44571845,105,0.004424851905,2.639751553,-0.09316770186,0,4.026497696,7.033410138,7.58640553,7.58640553,1.564688759,03/14/2023,r5_E1_4_14,997.77,0.001,0.0728,"E, W",E,W,DLRS,350,650,2.701863354,0.002452410491,0.65,0.4904710955,2.452410491,2,0.2650453512,8.085726832
78,r78,100,parallel,2,Pink JG20-1.0HP (ID: 0.024''; OD: 0.036'') - 1.5'',E1_4_1,horizontal,front facing up,3,https://liveutk-my.sharepoint.com/:i:/r/personal/grible_vols_utk_edu/Documents/Fur%20Wetting/Experiments/h1_E2_3_1/camerasettingshydrophoc4-7.PNG?csf=1&web=1&e=wCtXFs,https://liveutk-my.sharepoint.com/:i:/r/personal/grible_vols_utk_edu/Documents/Fur%20Wetting/Experiments/r1_E1_3_1/20220207_145306000_iOS.jpg?csf=1&web=1&e=mZ21tB,Agustin Soto,30.6,1.993464052,1.993464052,5.490196078,5.653594771,0,0,19.46038154,105,0.05701639807,2.810457516,0.1633986928,0,8.3640553,10.71428571,12.60368664,12.60368664,1.592082207,03/14/2023,r5_E1_4_15,997.77,0.001,0.0728,"E, W",E,W,NR,350,650,2.679738562,0.002648749642,0.65,0.4865800587,2.648749642,2,0.2453988062,8.595053543
79,r79,49.03922353,parallel,2,Pink JG20-1.0HP (ID: 0.024''; OD: 0.036'') - 1.5'',E1_5_1,horizontal,front facing up,1,https://liveutk-my.sharepoint.com/:i:/r/personal/grible_vols_utk_edu/Documents/Fur%20Wetting/Experiments/h1_E2_3_1/camerasettingshydrophoc4-7.PNG?csf=1&web=1&e=wCtXFs,https://liveutk-my.sharepoint.com/:i:/r/personal/grible_vols_utk_edu/Documents/Fur%20Wetting/Experiments/r1_E1_3_1/20220207_145306000_iOS.jpg?csf=1&web=1&e=mZ21tB,Agustin Soto,31.2,3.878205128,3.878205128,4.134615385,4.647435897,0,0,17.71773096,96,0.1126382025,1.570512821,1.057692308,0,22.75345622,28.859447,28.74423963,28.859447,1.340502979,03/14/2023,r5_E1_5_13,997.77,0.001,0.0728,"E, W",E,W,i,350,1078,2.564102564,0.002567200734,0.7549019608,0.4916200332,2.567200734,2,0.4199126253,8.503897845
80,r80,49.03922353,parallel,2,Pink JG20-1.0HP (ID: 0.024''; OD: 0.036'') - 1.5'',E1_5_1,horizontal,front facing up,2,https://liveutk-my.sharepoint.com/:i:/r/personal/grible_vols_utk_edu/Documents/Fur%20Wetting/Experiments/h1_E2_3_1/camerasettingshydrophoc4-7.PNG?csf=1&web=1&e=wCtXFs,https://liveutk-my.sharepoint.com/:i:/r/personal/grible_vols_utk_edu/Documents/Fur%20Wetting/Experiments/r1_E1_3_1/20220207_145306000_iOS.jpg?csf=1&web=1&e=mZ21tB,Agustin Soto,31.4,3.885350318,3.885350318,3.917197452,4.49044586,0,0,18.37590933,93,0.04694842116,1.305732484,1.050955414,0,11.81451613,23.58870968,24.95967742,24.95967742,1.300824324,03/14/2023,r5_E1_5_14,997.77,0.001,0.0728,"E, W",E,W,i,350,1078,2.611464968,0.002598603827,0.7549019608,0.4829038669,2.598603827,2,0.4148381483,8.305399021
81,r81,49.03922353,parallel,2,Pink JG20-1.0HP (ID: 0.024''; OD: 0.036'') - 1.5'',E1_5_1,horizontal,front facing up,3,https://liveutk-my.sharepoint.com/:i:/r/personal/grible_vols_utk_edu/Documents/Fur%20Wetting/Experiments/h1_E2_3_1/camerasettingshydrophoc4-7.PNG?csf=1&web=1&e=wCtXFs,https://liveutk-my.sharepoint.com/:i:/r/personal/grible_vols_utk_edu/Documents/Fur%20Wetting/Experiments/r1_E1_3_1/20220207_145306000_iOS.jpg?csf=1&web=1&e=mZ21tB,Agustin Soto,31.6,3.829113924,3.860759494,3.860759494,4.493670886,0,0,18.05000621,98,0.132227619,1.234177215,1.044303797,0,10.28225806,19.87903226,19.47580645,19.87903226,1.269868595,03/14/2023,r5_E1_5_15,997.77,0.001,0.0728,"E, W",E,W,i,350,1078,2.626582278,0.002583149723,0.7549019608,0.4993273849,2.583149723,2,0.4173199836,8.827127746
127,r127,144.1152692,parallel,2,Pink JG20-1.0HP (ID: 0.024''; OD: 0.036'') - 1.5'',E1_3_2,horizontal,front facing up,1,https://liveutk-my.sharepoint.com/:i:/r/personal/grible_vols_utk_edu/Documents/Fur%20Wetting/Experiments/h1_E2_3_1/camerasettingshydrophoc4-7.PNG?csf=1&web=1&e=wCtXFs,https://liveutk-my.sharepoint.com/:i:/r/personal/grible_vols_utk_edu/Documents/Fur%20Wetting/Experiments/r1_E1_3_1/20220207_145306000_iOS.jpg?csf=1&web=1&e=mZ21tB,Agustin Soto,30.9,2.297734628,3.009708738,5.275080906,6.569579288,0,0,19.73474264,69,0.05794798072,2.103559871,-0.8414239482,0,0.9504608295,7.056451613,3.888248848,,1.58264936,03/21/2023,r5_E1_3_22,997.77,0.001,0.0728,"E, W",E,W,DLRS,350,483,3.171521036,0.002661139347,0.5798319328,0.7019417476,2.661139347,3,0.1815012057,17.97085848
128,r128,144.1152692,parallel,2,Pink JG20-1.0HP (ID: 0.024''; OD: 0.036'') - 1.5'',E1_3_2,horizontal,front facing up,2,https://liveutk-my.sharepoint.com/:i:/r/personal/grible_vols_utk_edu/Documents/Fur%20Wetting/Experiments/h1_E2_3_1/camerasettingshydrophoc4-7.PNG?csf=1&web=1&e=wCtXFs,https://liveutk-my.sharepoint.com/:i:/r/personal/grible_vols_utk_edu/Documents/Fur%20Wetting/Experiments/r1_E1_3_1/20220207_145306000_iOS.jpg?csf=1&web=1&e=mZ21tB,Agustin Soto,32.4,2.191358025,2.222222222,5.030864198,5.555555556,0,0,17.19284153,72,0.1324405369,2.067901235,0,0,3.024193548,7.978110599,3.657834101,,1.700108654,03/21/2023,r5_E1_3_23,997.77,0.001,0.0728,"E, W",E,W,DLRS,350,483,2.962962963,0.002632803802,0.5798319328,0.6994387938,2.632803802,3,0.183454612,17.65293784
129,r129,144.1152692,parallel,2,Pink JG20-1.0HP (ID: 0.024''; OD: 0.036'') - 1.5'',E1_3_2,horizontal,front facing up,3,https://liveutk-my.sharepoint.com/:i:/r/personal/grible_vols_utk_edu/Documents/Fur%20Wetting/Experiments/h1_E2_3_1/camerasettingshydrophoc4-7.PNG?csf=1&web=1&e=wCtXFs,https://liveutk-my.sharepoint.com/:i:/r/personal/grible_vols_utk_edu/Documents/Fur%20Wetting/Experiments/r1_E1_3_1/20220207_145306000_iOS.jpg?csf=1&web=1&e=mZ21tB,Agustin Soto,31.2,2.275641026,2.275641026,5.064102564,5.224358974,0,0,19.29366083,72,0.1481721252,2.147435897,0,0,0.3110599078,11.57834101,3.076036866,,1.747625279,03/21/2023,r5_E1_3_24,997.77,0.001,0.0728,"E, W",E,W,NR,350,483,2.916666667,0.002641163827,0.5798319328,0.6923647005,2.641163827,3,0.1828739267,17.35258732
130,r130,100,parallel,2,Pink JG20-1.0HP (ID: 0.024''; OD: 0.036'') - 1.5'',E1_4_1,horizontal,front facing up,1,https://liveutk-my.sharepoint.com/:i:/r/personal/grible_vols_utk_edu/Documents/Fur%20Wetting/Experiments/h1_E2_3_1/camerasettingshydrophoc4-7.PNG?csf=1&web=1&e=wCtXFs,https://liveutk-my.sharepoint.com/:i:/r/personal/grible_vols_utk_edu/Documents/Fur%20Wetting/Experiments/r1_E1_3_1/20220207_145306000_iOS.jpg?csf=1&web=1&e=mZ21tB,Agustin Soto,31.2,2.692307692,2.692307692,3.91025641,4.455128205,0,0,18.75759652,75,0.0282252293,1.634615385,-0.0641025641,0,1.756912442,12.98963134,1.238479263,,2.17060201,03/21/2023,r5_E1_4_22,997.77,0.001,0.0728,"E, W",E,W,NR,350,650,2.275641026,0.002616472597,0.65,0.7099150849,2.616472597,3,0.2484260682,18.07290902
131,r131,100,parallel,2,Pink JG20-1.0HP (ID: 0.024''; OD: 0.036'') - 1.5'',E1_4_1,horizontal,front facing up,2,https://liveutk-my.sharepoint.com/:i:/r/personal/grible_vols_utk_edu/Documents/Fur%20Wetting/Experiments/h1_E2_3_1/camerasettingshydrophoc4-7.PNG?csf=1&web=1&e=wCtXFs,https://liveutk-my.sharepoint.com/:i:/r/personal/grible_vols_utk_edu/Documents/Fur%20Wetting/Experiments/r1_E1_3_1/20220207_145306000_iOS.jpg?csf=1&web=1&e=mZ21tB,Agustin Soto,31.5,2.634920635,2.634920635,3.841269841,4.444444444,0,0,18.89320038,65,0.0101266095,1.555555556,0,0,0.2995391705,9.331797235,2.465437788,,1.161875753,03/21/2023,r5_E1_4_23,997.77,0.001,0.0728,"E, W",E,W,NR,350,650,2.285714286,0.002622762532,0.65,0.7032286599,2.622762532,3,0.2478302904,17.77670058
132,r132,100,parallel,2,Pink JG20-1.0HP (ID: 0.024''; OD: 0.036'') - 1.5'',E1_4_1,horizontal,front facing up,3,https://liveutk-my.sharepoint.com/:i:/r/personal/grible_vols_utk_edu/Documents/Fur%20Wetting/Experiments/h1_E2_3_1/camerasettingshydrophoc4-7.PNG?csf=1&web=1&e=wCtXFs,https://liveutk-my.sharepoint.com/:i:/r/personal/grible_vols_utk_edu/Documents/Fur%20Wetting/Experiments/r1_E1_3_1/20220207_145306000_iOS.jpg?csf=1&web=1&e=mZ21tB,Agustin Soto,31.2,2.692307692,2.692307692,4.230769231,4.647435897,0,0,19.12704827,76,0.003970061878,1.826923077,0,0,0.2534562212,8.548387097,1.497695853,,2.104846351,03/21/2023,r5_E1_4_24,997.77,0.001,0.0728,"E, W",E,W,NR,350,650,2.403846154,0.002633539148,0.65,0.7122748549,2.633539148,3,0.2468161525,18.31192778
133,r133,49.03922353,parallel,2,Pink JG20-1.0HP (ID: 0.024''; OD: 0.036'') - 1.5'',E1_5_1,horizontal,front facing up,1,https://liveutk-my.sharepoint.com/:i:/r/personal/grible_vols_utk_edu/Documents/Fur%20Wetting/Experiments/h1_E2_3_1/camerasettingshydrophoc4-7.PNG?csf=1&web=1&e=wCtXFs,https://liveutk-my.sharepoint.com/:i:/r/personal/grible_vols_utk_edu/Documents/Fur%20Wetting/Experiments/r1_E1_3_1/20220207_145306000_iOS.jpg?csf=1&web=1&e=mZ21tB,Agustin Soto,30.6,5.22875817,5.22875817,4.117647059,4.248366013,0,0,20.64682663,130,0.2129850187,1.437908497,1.111111111,0,3.110599078,19.42396313,1.175115207,,6.949184899,03/21/2023,r5_E1_5_22,997.77,0.001,0.0728,"E, ii",E,ii,ii,350,1078,2.679738562,0.002701520274,0.7549019608,0.7220524573,2.701520274,3,0.3990345771,19.30388823
134,r134,49.03922353,parallel,2,Pink JG20-1.0HP (ID: 0.024''; OD: 0.036'') - 1.5'',E1_5_1,horizontal,front facing up,2,https://liveutk-my.sharepoint.com/:i:/r/personal/grible_vols_utk_edu/Documents/Fur%20Wetting/Experiments/h1_E2_3_1/camerasettingshydrophoc4-7.PNG?csf=1&web=1&e=wCtXFs,https://liveutk-my.sharepoint.com/:i:/r/personal/grible_vols_utk_edu/Documents/Fur%20Wetting/Experiments/r1_E1_3_1/20220207_145306000_iOS.jpg?csf=1&web=1&e=mZ21tB,Agustin Soto,30.3,5.313531353,5.313531353,3.861386139,4.257425743,0,0,21.01499869,77,0.1414718904,1.188118812,1.254125413,0,3.669354839,14.15322581,1.653225806,,2.212946218,03/21/2023,r5_E1_5_23,997.77,0.001,0.0728,"E, i",E,i,ii,350,1078,2.673267327,0.002717483504,0.7549019608,0.7216373811,2.717483504,3,0.3966905405,19.39563589
135,r135,49.03922353,parallel,2,Pink JG20-1.0HP (ID: 0.024''; OD: 0.036'') - 1.5'',E1_5_1,horizontal,front facing up,3,https://liveutk-my.sharepoint.com/:i:/r/personal/grible_vols_utk_edu/Documents/Fur%20Wetting/Experiments/h1_E2_3_1/camerasettingshydrophoc4-7.PNG?csf=1&web=1&e=wCtXFs,https://liveutk-my.sharepoint.com/:i:/r/personal/grible_vols_utk_edu/Documents/Fur%20Wetting/Experiments/r1_E1_3_1/20220207_145306000_iOS.jpg?csf=1&web=1&e=mZ21tB,Agustin Soto,30.9,3.883495146,4.757281553,5.113268608,5.145631068,0,0,20.04792306,262,0.1177465059,2.330097087,-0.1941747573,0,4.65437788,19.76958525,1.33640553,,17.86240742,03/21/2023,r5_E1_5_24,997.77,0.001,0.0728,"E, ii",E,ii,ii,350,1078,2.783171521,0.002675142512,0.7549019608,0.7014367383,2.675142512,3,0.4029691859,18.03943797
181,r181,144.1152692,parallel,2,Pink JG20-1.0HP (ID: 0.024''; OD: 0.036'') - 1.5'',E1_3_2,horizontal,front facing up,1,https://liveutk-my.sharepoint.com/:i:/r/personal/grible_vols_utk_edu/Documents/Fur%20Wetting/Experiments/h1_E2_3_1/camerasettingshydrophoc4-7.PNG?csf=1&web=1&e=wCtXFs,https://liveutk-my.sharepoint.com/:i:/r/personal/grible_vols_utk_edu/Documents/Fur%20Wetting/Experiments/r1_E1_3_1/20220207_145306000_iOS.jpg?csf=1&web=1&e=mZ21tB,Gina Shome,29.2,3.150684932,3.184931507,4.143835616,5.136986301,0,0,17.55277829,26,0.3145357239,1.575342466,0.03424657534,0.00E+00,1.923963134,6.831797235,4.366359447,,1.283384707,06/03/2024,r5_E1_3_31,997.77,0.001,0.0728,"E, W",E,W,JLRS,350,483,2.56849315,0.002594188533,0.5798319328,1.42686081,2.594188533,4,0.1861853886,72.38753993
182,r182,144.1152692,parallel,2,Pink JG20-1.0HP (ID: 0.024''; OD: 0.036'') - 1.5'',E1_3_2,horizontal,front facing up,2,https://liveutk-my.sharepoint.com/:i:/r/personal/grible_vols_utk_edu/Documents/Fur%20Wetting/Experiments/h1_E2_3_1/camerasettingshydrophoc4-7.PNG?csf=1&web=1&e=wCtXFs,https://liveutk-my.sharepoint.com/:i:/r/personal/grible_vols_utk_edu/Documents/Fur%20Wetting/Experiments/r1_E1_3_1/20220207_145306000_iOS.jpg?csf=1&web=1&e=mZ21tB,Zackary Morgan,15.6,5,5,4.551282051,4.807692308,0,0,26.6788877,28,0.2959596272,2.243589744,0,0,2.302325581,12.64976959,5.322580645,12.64976959,1.981695206,01/24/2024,r5_E1_3_32,997.77,0.001,0.0728,"E, W",E,W,JLRS,350,483,2.307692308,0.002942476707,0.5798319328,1.457772996,2.942476707,4,0.1641474336,85.70218577
183,r183,144.1152692,parallel,2,Pink JG20-1.0HP (ID: 0.024''; OD: 0.036'') - 1.5'',E1_3_2,horizontal,front facing up,3,https://liveutk-my.sharepoint.com/:i:/r/personal/grible_vols_utk_edu/Documents/Fur%20Wetting/Experiments/h1_E2_3_1/camerasettingshydrophoc4-7.PNG?csf=1&web=1&e=wCtXFs,https://liveutk-my.sharepoint.com/:i:/r/personal/grible_vols_utk_edu/Documents/Fur%20Wetting/Experiments/r1_E1_3_1/20220207_145306000_iOS.jpg?csf=1&web=1&e=mZ21tB,Gina Shome,28.2,4.078014184,4.078014184,6.773049645,6.808510638,0,0,14.90891792,32,0.4609904948,-0.03546099291,-0.9929078014,0.00E+00,3.508064516,26.35368664,2.609447005,,2.01202396,06/03/2024,r5_E1_3_33,997.77,0.001,0.0728,"E, W",E,W,NR,350,483,6.808510638,0.002423664501,0.5798319328,1.462941314,2.423664501,4,0.1992850082,71.09275982
184,r184,100,parallel,2,Pink JG20-1.0HP (ID: 0.024''; OD: 0.036'') - 1.5'',E1_4_1,horizontal,front facing up,1,https://liveutk-my.sharepoint.com/:i:/r/personal/grible_vols_utk_edu/Documents/Fur%20Wetting/Experiments/h1_E2_3_1/camerasettingshydrophoc4-7.PNG?csf=1&web=1&e=wCtXFs,https://liveutk-my.sharepoint.com/:i:/r/personal/grible_vols_utk_edu/Documents/Fur%20Wetting/Experiments/r1_E1_3_1/20220207_145306000_iOS.jpg?csf=1&web=1&e=mZ21tB,Gina Shome,26.8,3.619402985,3.656716418,6.753731343,7.201492537,0.3358208955,0.2985074627,17.30808588,41,0.4538435107,2.313432836,0.07462686567,3.36E-01,0.9907834101,8.31797235,3.294930876,,2.920535112,06/04/2024,r5_E1_4_31,997.77,0.001,0.0728,"E, W",E,W,DLRD,350,650,4.440298507,0.002547261165,0.65,1.487873134,2.547261165,4,0.2551760334,77.28662469
185,r185,100,parallel,2,Pink JG20-1.0HP (ID: 0.024''; OD: 0.036'') - 1.5'',E1_4_1,horizontal,front facing up,2,https://liveutk-my.sharepoint.com/:i:/r/personal/grible_vols_utk_edu/Documents/Fur%20Wetting/Experiments/h1_E2_3_1/camerasettingshydrophoc4-7.PNG?csf=1&web=1&e=wCtXFs,https://liveutk-my.sharepoint.com/:i:/r/personal/grible_vols_utk_edu/Documents/Fur%20Wetting/Experiments/r1_E1_3_1/20220207_145306000_iOS.jpg?csf=1&web=1&e=mZ21tB,Gina Shome,25.6,2.1875,2.1875,5.5859375,6.3671875,0.3125,0,23.71802349,36,0.2861843545,1.09375,0.0390625,-2.19E+02,5.169930876,7.531682028,9.72062212,,1.848417531,06/04/2024,r5_E1_4_32,997.77,0.001,0.0728,"D, W",D,W,DLRD,350,650,4.4921875,0.002829327966,0.65,1.470062733,2.829327966,4,0.2297365338,83.80194356
186,r186,100,parallel,2,Pink JG20-1.0HP (ID: 0.024''; OD: 0.036'') - 1.5'',E1_4_1,horizontal,front facing up,3,https://liveutk-my.sharepoint.com/:i:/r/personal/grible_vols_utk_edu/Documents/Fur%20Wetting/Experiments/h1_E2_3_1/camerasettingshydrophoc4-7.PNG?csf=1&web=1&e=wCtXFs,https://liveutk-my.sharepoint.com/:i:/r/personal/grible_vols_utk_edu/Documents/Fur%20Wetting/Experiments/r1_E1_3_1/20220207_145306000_iOS.jpg?csf=1&web=1&e=mZ21tB,Zack Morgan,30.9,2.718446602,2.718446602,4.336569579,5.01618123,0,0,21.13932437,59,0.04070912114,1.779935275,0,0,0.2592165899,8.611751152,2.620967742,,1.163214849,02/04/2024,r5_E1_4_33,997.77,0.001,0.0728,"D, W",D,W,NR,350,650,2.556634304,0.002722831889,0.65,1.51236793,2.722831889,4,0.2387220462,85.35614843
187,r187,49.03922353,parallel,2,Pink JG20-1.0HP (ID: 0.024''; OD: 0.036'') - 1.5'',E1_5_1,horizontal,front facing up,1,https://liveutk-my.sharepoint.com/:i:/r/personal/grible_vols_utk_edu/Documents/Fur%20Wetting/Experiments/h1_E2_3_1/camerasettingshydrophoc4-7.PNG?csf=1&web=1&e=wCtXFs,https://liveutk-my.sharepoint.com/:i:/r/personal/grible_vols_utk_edu/Documents/Fur%20Wetting/Experiments/r1_E1_3_1/20220207_145306000_iOS.jpg?csf=1&web=1&e=mZ21tB,Gina Shome,23,10.30434783,10.30434783,2.869565217,4.391304348,0,0,19.58194973,27,0.2745785733,0.5652173913,0,-1.67E+02,0.6048387097,20.84677419,8.830645161,,1.457873134,06/04/2024,r5_E1_5.1_31,997.77,0.001,0.0728,"PDF, D",D,PDF,"PDF, E",350,1078,2.304347826,0.002654253739,0.7549019608,1.451086957,2.654253739,4,0.4061405223,76.59993081
188,r188,49.03922353,parallel,2,Pink JG20-1.0HP (ID: 0.024''; OD: 0.036'') - 1.5'',E1_5_1,horizontal,front facing up,2,https://liveutk-my.sharepoint.com/:i:/r/personal/grible_vols_utk_edu/Documents/Fur%20Wetting/Experiments/h1_E2_3_1/camerasettingshydrophoc4-7.PNG?csf=1&web=1&e=wCtXFs,https://liveutk-my.sharepoint.com/:i:/r/personal/grible_vols_utk_edu/Documents/Fur%20Wetting/Experiments/r1_E1_3_1/20220207_145306000_iOS.jpg?csf=1&web=1&e=mZ21tB,Gina Shome,25.6,9.6484375,9.6484375,3.28125,4.6875,0.1953125,0.1171875,16.91504406,27,0.1518064476,0.8984375,0,-1.02E+02,0.5184331797,28.58294931,6.670506912,,1.246539297,06/04/2024,r5_E1_5.1_32,997.77,0.001,0.0728,"PDF, D",D,PDF,"PDF, D",350,1078,2.3828125,0.002527831793,0.7549019608,1.39172923,2.527831793,4,0.4264524257,67.105286
189,r189,49.03922353,parallel,2,Pink JG20-1.0HP (ID: 0.024''; OD: 0.036'') - 1.5'',E1_5_1,horizontal,front facing up,3,https://liveutk-my.sharepoint.com/:i:/r/personal/grible_vols_utk_edu/Documents/Fur%20Wetting/Experiments/h1_E2_3_1/camerasettingshydrophoc4-7.PNG?csf=1&web=1&e=wCtXFs,https://liveutk-my.sharepoint.com/:i:/r/personal/grible_vols_utk_edu/Documents/Fur%20Wetting/Experiments/r1_E1_3_1/20220207_145306000_iOS.jpg?csf=1&web=1&e=mZ21tB,Gina Shome,24.8,10.68548387,11.37096774,4.596774194,5.685483871,0.3225806452,0.2419354839,15.67656507,26,0.6991103342,0.4435483871,-1.491935484,-1.55E+02,9.305875576,28.74711982,13.03859447,,1.27653827,06/04/2024,r5_E1_5.1_33,997.77,0.001,0.0728,"PDF, D",D,PDF,"PDF, D",350,1078,4.153225807,0.002466250406,0.7549019608,1.440762991,2.466250406,4,0.4371007897,70.16512782
37,r37,144.1152692,parallel,2,Pink JG20-1.0HP (ID: 0.024''; OD: 0.036'') - 1.5'',E1_3_2,horizontal,bottom facing up,1,https://liveutk-my.sharepoint.com/:i:/r/personal/grible_vols_utk_edu/Documents/Fur%20Wetting/Experiments/h1_E2_3_1/camerasettingshydrophoc4-7.PNG?csf=1&web=1&e=wCtXFs,https://liveutk-my.sharepoint.com/:i:/r/personal/grible_vols_utk_edu/Documents/Fur%20Wetting/Experiments/r1_E1_3_1/20220207_145306000_iOS.jpg?csf=1&web=1&e=mZ21tB,Agustin Soto,30,1.4,1.4,7.066666667,7.166666667,0.5333333333,0.2666666667,9.314499093,241,0.1266765941,3.433333333,0.4,0.8333333333,2.603686636,5,12.64976959,,6.092684354,03/10/2023,r5_E1_3_7,997.77,0.001,0.0728,"D, W",D,W,JLRH,350,483,3.633333333,0.002767268008,0.5798319328,0.2107511312,2.767268008,1,0.1745403765,1.684574079
38,r38,144.1152692,parallel,2,Pink JG20-1.0HP (ID: 0.024''; OD: 0.036'') - 1.5'',E1_3_2,horizontal,bottom facing up,2,https://liveutk-my.sharepoint.com/:i:/r/personal/grible_vols_utk_edu/Documents/Fur%20Wetting/Experiments/h1_E2_3_1/camerasettingshydrophoc4-7.PNG?csf=1&web=1&e=wCtXFs,https://liveutk-my.sharepoint.com/:i:/r/personal/grible_vols_utk_edu/Documents/Fur%20Wetting/Experiments/r1_E1_3_1/20220207_145306000_iOS.jpg?csf=1&web=1&e=mZ21tB,Agustin Soto,29.4,0.9863945578,1.020408163,7.074829932,7.31292517,0.5102040816,0.2721088435,10.58515385,226,0.06756703933,2.68707483,-0.03401360544,0.7823129252,2.736175115,6.307603687,12.58640553,,6.037464261,03/10/2023,r5_E1_3_8,997.77,0.001,0.0728,"D, W",D,W,JLRH,350,483,4.387755102,0.002824600353,0.5798319328,0.2273789825,2.824600353,1,0.170997642,2.001505137
39,r39,144.1152692,parallel,2,Pink JG20-1.0HP (ID: 0.024''; OD: 0.036'') - 1.5'',E1_3_2,horizontal,bottom facing up,3,https://liveutk-my.sharepoint.com/:i:/r/personal/grible_vols_utk_edu/Documents/Fur%20Wetting/Experiments/h1_E2_3_1/camerasettingshydrophoc4-7.PNG?csf=1&web=1&e=wCtXFs,https://liveutk-my.sharepoint.com/:i:/r/personal/grible_vols_utk_edu/Documents/Fur%20Wetting/Experiments/r1_E1_3_1/20220207_145306000_iOS.jpg?csf=1&web=1&e=mZ21tB,Agustin Soto,30,0.8333333333,0.8333333333,7.266666667,7.933333333,0.6666666667,0.6666666667,5.335244184,322,0.03712534551,3.5,-0.06666666667,1,0.6013824885,5.536866359,13.45852535,,5.792597559,03/10/2023,r5_E1_3_9,997.77,0.001,0.0728,"D, W",D,W,JLRH,350,483,3.766666667,0.002794022092,0.5798319328,0.2111040724,2.794022092,1,0.1728690698,1.706562196
40,r40,100,parallel,2,Pink JG20-1.0HP (ID: 0.024''; OD: 0.036'') - 1.5'',E1_4_1,horizontal,bottom facing up,1,https://liveutk-my.sharepoint.com/:i:/r/personal/grible_vols_utk_edu/Documents/Fur%20Wetting/Experiments/h1_E2_3_1/camerasettingshydrophoc4-7.PNG?csf=1&web=1&e=wCtXFs,https://liveutk-my.sharepoint.com/:i:/r/personal/grible_vols_utk_edu/Documents/Fur%20Wetting/Experiments/r1_E1_3_1/20220207_145306000_iOS.jpg?csf=1&web=1&e=mZ21tB,Agustin Soto,30.3,1.848184818,2.277227723,4.02640264,4.389438944,0,0,16.0652711,103,0.1416915542,1.056105611,0.5280528053,0.1320132013,0.4562211982,3.884792627,1.451612903,,0.8017754969,03/10/2023,r5_E1_4_7,997.77,0.001,0.0728,"D, W",D,W,SDRD,350,650,2.97029703,0.002484771632,0.65,0.2598559578,2.484771632,1,0.2615934565,2.299592586
41,r41,100,parallel,2,Pink JG20-1.0HP (ID: 0.024''; OD: 0.036'') - 1.5'',E1_4_1,horizontal,bottom facing up,2,https://liveutk-my.sharepoint.com/:i:/r/personal/grible_vols_utk_edu/Documents/Fur%20Wetting/Experiments/h1_E2_3_1/camerasettingshydrophoc4-7.PNG?csf=1&web=1&e=wCtXFs,https://liveutk-my.sharepoint.com/:i:/r/personal/grible_vols_utk_edu/Documents/Fur%20Wetting/Experiments/r1_E1_3_1/20220207_145306000_iOS.jpg?csf=1&web=1&e=mZ21tB,Agustin Soto,30.9,1.812297735,1.812297735,5.145631068,5.533980583,0,0,18.48830258,117,0.02628539225,1.941747573,0.9708737864,0.1941747573,0.7880184332,3.857142857,1.783410138,,0.9361687949,03/10/2023,r5_E1_4_8,997.77,0.001,0.0728,"D, W",D,W,DLRS,350,650,3.203883495,0.002603891041,0.65,0.2285326442,2.603891041,1,0.2496264205,1.863881764
42,r42,100,parallel,2,Pink JG20-1.0HP (ID: 0.024''; OD: 0.036'') - 1.5'',E1_4_1,horizontal,bottom facing up,3,https://liveutk-my.sharepoint.com/:i:/r/personal/grible_vols_utk_edu/Documents/Fur%20Wetting/Experiments/h1_E2_3_1/camerasettingshydrophoc4-7.PNG?csf=1&web=1&e=wCtXFs,https://liveutk-my.sharepoint.com/:i:/r/personal/grible_vols_utk_edu/Documents/Fur%20Wetting/Experiments/r1_E1_3_1/20220207_145306000_iOS.jpg?csf=1&web=1&e=mZ21tB,Agustin Soto,30.9,0.8414239482,1.45631068,6.375404531,6.40776699,0.6148867314,0.5501618123,13.77132225,316,0.07332491004,2.783171521,-0.03236245955,0.8737864078,2.200460829,1.278801843,3.306451613,,5.995057947,03/10/2023,r5_E1_4_9,997.77,0.001,0.0728,"D, W",D,W,DLRS,350,650,3.59223301,0.002702740432,0.65,0.2141376939,2.702740432,1,0.2404966427,1.698594227
43,r43,49.03922353,parallel,2,Pink JG20-1.0HP (ID: 0.024''; OD: 0.036'') - 1.5'',E1_5_1,horizontal,bottom facing up,1,https://liveutk-my.sharepoint.com/:i:/r/personal/grible_vols_utk_edu/Documents/Fur%20Wetting/Experiments/h1_E2_3_1/camerasettingshydrophoc4-7.PNG?csf=1&web=1&e=wCtXFs,https://liveutk-my.sharepoint.com/:i:/r/personal/grible_vols_utk_edu/Documents/Fur%20Wetting/Experiments/r1_E1_3_1/20220207_145306000_iOS.jpg?csf=1&web=1&e=mZ21tB,Agustin Soto,31.8,2.48427673,3.081761006,3.238993711,4.402515723,0,0,14.07107363,114,0.2457298832,0.6918238994,0.6918238994,0.1257861635,3.041474654,4.921658986,1.751152074,,0.9299392142,03/10/2023,r5_E1_5_7,997.77,0.001,0.0728,"D, W",D,W,DLRS,350,1078,2.547169811,0.002377385115,0.7549019608,0.2456470717,2.377385115,1,0.4534393664,1.966173256
44,r44,49.03922353,parallel,2,Pink JG20-1.0HP (ID: 0.024''; OD: 0.036'') - 1.5'',E1_5_1,horizontal,bottom facing up,2,https://liveutk-my.sharepoint.com/:i:/r/personal/grible_vols_utk_edu/Documents/Fur%20Wetting/Experiments/h1_E2_3_1/camerasettingshydrophoc4-7.PNG?csf=1&web=1&e=wCtXFs,https://liveutk-my.sharepoint.com/:i:/r/personal/grible_vols_utk_edu/Documents/Fur%20Wetting/Experiments/r1_E1_3_1/20220207_145306000_iOS.jpg?csf=1&web=1&e=mZ21tB,Agustin Soto,29.1,2.714776632,3.883161512,3.986254296,5.773195876,0,0,21.56136952,155,0.006188247723,1.202749141,0.618556701,0.1030927835,1.814516129,5.547235023,2.782258065,,2.071873842,03/10/2023,r5_E1_5_8,997.77,0.001,0.0728,"E, W",E,W,DLRS,350,1078,2.783505155,0.002740833002,0.7549019608,0.2542683672,2.740833002,1,0.3933110844,2.428657684
45,r45,49.03922353,parallel,2,Pink JG20-1.0HP (ID: 0.024''; OD: 0.036'') - 1.5'',E1_5_1,horizontal,bottom facing up,3,https://liveutk-my.sharepoint.com/:i:/r/personal/grible_vols_utk_edu/Documents/Fur%20Wetting/Experiments/h1_E2_3_1/camerasettingshydrophoc4-7.PNG?csf=1&web=1&e=wCtXFs,https://liveutk-my.sharepoint.com/:i:/r/personal/grible_vols_utk_edu/Documents/Fur%20Wetting/Experiments/r1_E1_3_1/20220207_145306000_iOS.jpg?csf=1&web=1&e=mZ21tB,Agustin Soto,30.9,2.524271845,3.074433657,3.883495146,4.563106796,0,0,20.11380387,122,0.08151543512,1.197411003,0.71197411,0,0.8709677419,5.986175115,2.806451613,,0.6664369907,03/10/2023,r5_E1_5_9,997.77,0.001,0.0728,"E, W",E,W,DLRS,350,1078,2.686084142,0.002678069629,0.7549019608,0.2230955831,2.678069629,1,0.4025287425,1.826849922
91,r91,144.1152692,parallel,2,Pink JG20-1.0HP (ID: 0.024''; OD: 0.036'') - 1.5'',E1_3_2,horizontal,bottom facing up,1,https://liveutk-my.sharepoint.com/:i:/r/personal/grible_vols_utk_edu/Documents/Fur%20Wetting/Experiments/h1_E2_3_1/camerasettingshydrophoc4-7.PNG?csf=1&web=1&e=wCtXFs,https://liveutk-my.sharepoint.com/:i:/r/personal/grible_vols_utk_edu/Documents/Fur%20Wetting/Experiments/r1_E1_3_1/20220207_145306000_iOS.jpg?csf=1&web=1&e=mZ21tB,Agustin Soto,30.4,1.480263158,1.513157895,6.447368421,6.611842105,0,0,19.65944715,98,0.1286381335,2.763157895,-0.09868421053,0,5.412442396,9.974654378,13.0437788,13.0437788,1.365581057,03/14/2023,r5_E1_3_16,997.77,0.001,0.0728,"E, W",E,W,NR,350,483,3.684210526,0.002672710411,0.5798319328,0.4977003695,2.672710411,2,0.1807154258,9.073751772
92,r92,144.1152692,parallel,2,Pink JG20-1.0HP (ID: 0.024''; OD: 0.036'') - 1.5'',E1_3_2,horizontal,bottom facing up,2,https://liveutk-my.sharepoint.com/:i:/r/personal/grible_vols_utk_edu/Documents/Fur%20Wetting/Experiments/h1_E2_3_1/camerasettingshydrophoc4-7.PNG?csf=1&web=1&e=wCtXFs,https://liveutk-my.sharepoint.com/:i:/r/personal/grible_vols_utk_edu/Documents/Fur%20Wetting/Experiments/r1_E1_3_1/20220207_145306000_iOS.jpg?csf=1&web=1&e=mZ21tB,Agustin Soto,31.2,1.474358974,2.211538462,6.570512821,6.698717949,0,0,18.93159373,98,0.04863833941,2.820512821,-0.09615384615,0,7.133640553,7.797235023,9.235023041,9.235023041,1.401133822,03/14/2023,r5_E1_3_17,997.77,0.001,0.0728,"E, W",E,W,NR,350,483,3.75,0.002624537924,0.5798319328,0.4796515896,2.624537924,2,0.184032395,8.27568004
93,r93,144.1152692,parallel,2,Pink JG20-1.0HP (ID: 0.024''; OD: 0.036'') - 1.5'',E1_3_2,horizontal,bottom facing up,3,https://liveutk-my.sharepoint.com/:i:/r/personal/grible_vols_utk_edu/Documents/Fur%20Wetting/Experiments/h1_E2_3_1/camerasettingshydrophoc4-7.PNG?csf=1&web=1&e=wCtXFs,https://liveutk-my.sharepoint.com/:i:/r/personal/grible_vols_utk_edu/Documents/Fur%20Wetting/Experiments/r1_E1_3_1/20220207_145306000_iOS.jpg?csf=1&web=1&e=mZ21tB,Agustin Soto,30.2,1.523178808,2.152317881,6.920529801,7.052980132,0,0,20.08879309,102,0.006068617995,2.947019868,-0.09933774834,0,5,7.811059908,8.410138249,8.410138249,1.529364213,03/14/2023,r5_E1_3_18,997.77,0.001,0.0728,"E, W",E,W,NR,350,483,3.973509934,0.002676959141,0.5798319328,0.4912854611,2.676959141,2,0.1804286037,8.855409093
94,r94,100,parallel,2,Pink JG20-1.0HP (ID: 0.024''; OD: 0.036'') - 1.5'',E1_4_1,horizontal,bottom facing up,1,https://liveutk-my.sharepoint.com/:i:/r/personal/grible_vols_utk_edu/Documents/Fur%20Wetting/Experiments/h1_E2_3_1/camerasettingshydrophoc4-7.PNG?csf=1&web=1&e=wCtXFs,https://liveutk-my.sharepoint.com/:i:/r/personal/grible_vols_utk_edu/Documents/Fur%20Wetting/Experiments/r1_E1_3_1/20220207_145306000_iOS.jpg?csf=1&web=1&e=mZ21tB,Agustin Soto,31.2,1.762820513,2.275641026,5.673076923,6.153846154,0,0,15.99866468,98,0.07530802898,2.916666667,-0.4166666667,0,4.907834101,10.16129032,11.58986175,,1.613763951,03/14/2023,r5_E1_4_16,997.77,0.001,0.0728,"E, W",E,W,DLRS,350,650,2.756410256,0.002606705481,0.65,0.4853777697,2.606705481,2,0.2493569008,8.41687333
95,r95,100,parallel,2,Pink JG20-1.0HP (ID: 0.024''; OD: 0.036'') - 1.5'',E1_4_1,horizontal,bottom facing up,2,https://liveutk-my.sharepoint.com/:i:/r/personal/grible_vols_utk_edu/Documents/Fur%20Wetting/Experiments/h1_E2_3_1/camerasettingshydrophoc4-7.PNG?csf=1&web=1&e=wCtXFs,https://liveutk-my.sharepoint.com/:i:/r/personal/grible_vols_utk_edu/Documents/Fur%20Wetting/Experiments/r1_E1_3_1/20220207_145306000_iOS.jpg?csf=1&web=1&e=mZ21tB,Agustin Soto,31.2,2.692307692,2.692307692,5.320512821,5.608974359,0,0,18.87579276,99,0.01013585336,2.467948718,0.5448717949,0,5.868663594,9.103686636,11.88248848,11.88248848,1.527974217,03/14/2023,r5_E1_4_17,997.77,0.001,0.0728,"E, W",E,W,DLRS,350,650,2.852564103,0.002621956773,0.65,0.4807538818,2.621956773,2,0.2479064516,8.305584272
96,r96,100,parallel,2,Pink JG20-1.0HP (ID: 0.024''; OD: 0.036'') - 1.5'',E1_4_1,horizontal,bottom facing up,3,https://liveutk-my.sharepoint.com/:i:/r/personal/grible_vols_utk_edu/Documents/Fur%20Wetting/Experiments/h1_E2_3_1/camerasettingshydrophoc4-7.PNG?csf=1&web=1&e=wCtXFs,https://liveutk-my.sharepoint.com/:i:/r/personal/grible_vols_utk_edu/Documents/Fur%20Wetting/Experiments/r1_E1_3_1/20220207_145306000_iOS.jpg?csf=1&web=1&e=mZ21tB,Agustin Soto,30.8,1.785714286,2.402597403,5.649350649,6.006493506,0,0,19.3313158,97,0.02057467469,2.954545455,0,0,6.034562212,8.771889401,10.97004608,10.97004608,1.609245441,03/14/2023,r5_E1_4_18,997.77,0.001,0.0728,"E, W",E,W,DLRS,350,650,2.694805195,0.002642880942,0.65,0.4907358584,2.642880942,2,0.2459437312,8.723128066
97,r97,49.03922353,parallel,2,Pink JG20-1.0HP (ID: 0.024''; OD: 0.036'') - 1.5'',E1_5_1,horizontal,bottom facing up,1,https://liveutk-my.sharepoint.com/:i:/r/personal/grible_vols_utk_edu/Documents/Fur%20Wetting/Experiments/h1_E2_3_1/camerasettingshydrophoc4-7.PNG?csf=1&web=1&e=wCtXFs,https://liveutk-my.sharepoint.com/:i:/r/personal/grible_vols_utk_edu/Documents/Fur%20Wetting/Experiments/r1_E1_3_1/20220207_145306000_iOS.jpg?csf=1&web=1&e=mZ21tB,Agustin Soto,29.4,4.047619048,4.897959184,4.455782313,4.557823129,0.1020408163,0,17.91459318,116,0.2295258939,2.142857143,-0.1700680272,0.2380952381,4.65437788,14.23963134,4.562211982,,3.067336269,03/14/2023,r5_E1_5_16,997.77,0.001,0.0728,"D, i",D,i,i,350,1078,2.31292517,0.002576673815,0.7549019608,0.5927643785,2.576673815,2,0.4183688264,12.40859761
98,r98,49.03922353,parallel,2,Pink JG20-1.0HP (ID: 0.024''; OD: 0.036'') - 1.5'',E1_5_1,horizontal,bottom facing up,2,https://liveutk-my.sharepoint.com/:i:/r/personal/grible_vols_utk_edu/Documents/Fur%20Wetting/Experiments/h1_E2_3_1/camerasettingshydrophoc4-7.PNG?csf=1&web=1&e=wCtXFs,https://liveutk-my.sharepoint.com/:i:/r/personal/grible_vols_utk_edu/Documents/Fur%20Wetting/Experiments/r1_E1_3_1/20220207_145306000_iOS.jpg?csf=1&web=1&e=mZ21tB,Agustin Soto,29.1,5.498281787,5.498281787,4.295532646,4.948453608,0,0,22.70306364,122,0.05085447742,1.408934708,1.202749141,0,3.352534562,15.10368664,4.52764977,,2.782266173,03/14/2023,r5_E1_5_17,997.77,0.001,0.0728,"E, i",E,i,i,350,1078,2.886597938,0.002788379939,0.7549019608,0.5818511386,2.788379939,2,0.3866044167,12.93822767
99,r99,49.03922353,parallel,2,Pink JG20-1.0HP (ID: 0.024''; OD: 0.036'') - 1.5'',E1_5_1,horizontal,bottom facing up,3,https://liveutk-my.sharepoint.com/:i:/r/personal/grible_vols_utk_edu/Documents/Fur%20Wetting/Experiments/h1_E2_3_1/camerasettingshydrophoc4-7.PNG?csf=1&web=1&e=wCtXFs,https://liveutk-my.sharepoint.com/:i:/r/personal/grible_vols_utk_edu/Documents/Fur%20Wetting/Experiments/r1_E1_3_1/20220207_145306000_iOS.jpg?csf=1&web=1&e=mZ21tB,Agustin Soto,29.1,4.089347079,4.089347079,4.295532646,4.776632302,0,0,23.4673645,95,0.005859619057,1.408934708,0.618556701,0,1.866359447,15.96774194,5.460829493,,1.694045164,03/14/2023,r5_E1_5_18,997.77,0.001,0.0728,"D, i",D,i,i,350,1078,2.886597938,0.002819325592,0.7549019608,0.5731277861,2.819325592,2,0.3823609458,12.69250154
145,r145,144.1152692,parallel,2,Pink JG20-1.0HP (ID: 0.024''; OD: 0.036'') - 1.5'',E1_3_2,horizontal,bottom facing up,1,https://liveutk-my.sharepoint.com/:i:/r/personal/grible_vols_utk_edu/Documents/Fur%20Wetting/Experiments/h1_E2_3_1/camerasettingshydrophoc4-7.PNG?csf=1&web=1&e=wCtXFs,https://liveutk-my.sharepoint.com/:i:/r/personal/grible_vols_utk_edu/Documents/Fur%20Wetting/Experiments/r1_E1_3_1/20220207_145306000_iOS.jpg?csf=1&web=1&e=mZ21tB,Agustin Soto,30.3,2.277227723,2.904290429,5.280528053,5.544554455,0,0,21.00039842,77,2.19E-02,2.079207921,-0.09900990099,0,0.5760368664,6.013824885,3.202764977,,1.964103018,03/21/2023,r5_E1_3_25,997.77,0.001,0.0728,"E, W",E,W,DLRS,350,483,3.201320132,0.00271685403,0.5798319328,0.6960236346,2.71685403,3,0.17777915,18.0390367
146,r146,144.1152692,parallel,2,Pink JG20-1.0HP (ID: 0.024''; OD: 0.036'') - 1.5'',E1_3_2,horizontal,bottom facing up,2,https://liveutk-my.sharepoint.com/:i:/r/personal/grible_vols_utk_edu/Documents/Fur%20Wetting/Experiments/h1_E2_3_1/camerasettingshydrophoc4-7.PNG?csf=1&web=1&e=wCtXFs,https://liveutk-my.sharepoint.com/:i:/r/personal/grible_vols_utk_edu/Documents/Fur%20Wetting/Experiments/r1_E1_3_1/20220207_145306000_iOS.jpg?csf=1&web=1&e=mZ21tB,Agustin Soto,27.9,2.47311828,2.47311828,5.448028674,5.734767025,0,0,27.01542906,69,0.126337177,1.899641577,-0.1075268817,0,0.3940092166,6.241935484,2.965437788,,1.554458544,03/21/2023,r5_E1_3_26,997.77,0.001,0.0728,"E, W",E,W,DLRS,350,483,3.548387097,0.002954797688,0.5798319328,0.7655184185,2.954797688,3,0.163462968,23.73220558
147,r147,144.1152692,parallel,2,Pink JG20-1.0HP (ID: 0.024''; OD: 0.036'') - 1.5'',E1_3_2,horizontal,bottom facing up,3,https://liveutk-my.sharepoint.com/:i:/r/personal/grible_vols_utk_edu/Documents/Fur%20Wetting/Experiments/h1_E2_3_1/camerasettingshydrophoc4-7.PNG?csf=1&web=1&e=wCtXFs,https://liveutk-my.sharepoint.com/:i:/r/personal/grible_vols_utk_edu/Documents/Fur%20Wetting/Experiments/r1_E1_3_1/20220207_145306000_iOS.jpg?csf=1&web=1&e=mZ21tB,Agustin Soto,29.7,2.323232323,2.323232323,5.218855219,5.420875421,0,0,22.3038379,74,0.003616701486,1.885521886,0,0,0.2016129032,8.323732719,2.736175115,,1.916278689,03/21/2023,r5_E1_3_27,997.77,0.001,0.0728,"E, W",E,W,DLRS,350,483,3.333333333,0.002771938948,0.5798319328,0.724337391,2.771938948,3,0.1742462619,19.93262665
148,r148,100,parallel,2,Pink JG20-1.0HP (ID: 0.024''; OD: 0.036'') - 1.5'',E1_4_1,horizontal,bottom facing up,1,https://liveutk-my.sharepoint.com/:i:/r/personal/grible_vols_utk_edu/Documents/Fur%20Wetting/Experiments/h1_E2_3_1/camerasettingshydrophoc4-7.PNG?csf=1&web=1&e=wCtXFs,https://liveutk-my.sharepoint.com/:i:/r/personal/grible_vols_utk_edu/Documents/Fur%20Wetting/Experiments/r1_E1_3_1/20220207_145306000_iOS.jpg?csf=1&web=1&e=mZ21tB,Agustin Soto,29.4,2.823129252,2.823129252,4.557823129,5.136054422,0,0,22.59391383,79,0.05632920209,1.972789116,0,0,0.02880184332,10.39746544,2.448156682,,2.404285622,03/21/2023,r5_E1_4_25,997.77,0.001,0.0728,"E, W",E,W,DLRS,350,650,2.585034014,0.002783904182,0.65,0.7437000887,2.783904182,3,0.2334850474,21.1032339
149,r149,100,parallel,2,Pink JG20-1.0HP (ID: 0.024''; OD: 0.036'') - 1.5'',E1_4_1,horizontal,bottom facing up,2,https://liveutk-my.sharepoint.com/:i:/r/personal/grible_vols_utk_edu/Documents/Fur%20Wetting/Experiments/h1_E2_3_1/camerasettingshydrophoc4-7.PNG?csf=1&web=1&e=wCtXFs,https://liveutk-my.sharepoint.com/:i:/r/personal/grible_vols_utk_edu/Documents/Fur%20Wetting/Experiments/r1_E1_3_1/20220207_145306000_iOS.jpg?csf=1&web=1&e=mZ21tB,Agustin Soto,29.4,2.823129252,3.537414966,4.931972789,5.306122449,0,0,23.03893314,65,0.2204943299,2.176870748,0,0,2.448156682,7.402073733,2.620967742,,1.22533122,03/21/2023,r5_E1_4_26,997.77,0.001,0.0728,"E, W",E,W,DLRS,350,650,2.755102041,0.002802063129,0.65,0.73574045,2.802063129,3,0.2319719329,20.78864798
150,r150,100,parallel,2,Pink JG20-1.0HP (ID: 0.024''; OD: 0.036'') - 1.5'',E1_4_1,horizontal,bottom facing up,3,https://liveutk-my.sharepoint.com/:i:/r/personal/grible_vols_utk_edu/Documents/Fur%20Wetting/Experiments/h1_E2_3_1/camerasettingshydrophoc4-7.PNG?csf=1&web=1&e=wCtXFs,https://liveutk-my.sharepoint.com/:i:/r/personal/grible_vols_utk_edu/Documents/Fur%20Wetting/Experiments/r1_E1_3_1/20220207_145306000_iOS.jpg?csf=1&web=1&e=mZ21tB,Agustin Soto,32.4,2.561728395,2.99382716,4.135802469,5.13986014,0,0,17.21791123,79,0.02351950349,1.697530864,0,0,2.281105991,9.562211982,2.32718894,,2.299438132,03/21/2023,r5_E1_4_27,997.77,0.001,0.0728,"E, W",E,W,DLRS,350,650,2.438271605,0.002784967128,0.65,0.6933712578,2.784967128,3,0.2333959325,18.3506227
151,r151,49.03922353,parallel,2,Pink JG20-1.0HP (ID: 0.024''; OD: 0.036'') - 1.5'',E1_5_1,horizontal,bottom facing up,1,https://liveutk-my.sharepoint.com/:i:/r/personal/grible_vols_utk_edu/Documents/Fur%20Wetting/Experiments/h1_E2_3_1/camerasettingshydrophoc4-7.PNG?csf=1&web=1&e=wCtXFs,https://liveutk-my.sharepoint.com/:i:/r/personal/grible_vols_utk_edu/Documents/Fur%20Wetting/Experiments/r1_E1_3_1/20220207_145306000_iOS.jpg?csf=1&web=1&e=mZ21tB,,28.2,5.638297872,6.631205674,4.503546099,4.680851064,0,0,26.26351633,99,0.148647318,1.453900709,-0.2127659574,0,5.115207373,13.68663594,1.059907834,,3.944332991,03/21/2023,r5_E1_5_25,997.77,0.001,0.0728,"E, ii",E,ii,ii,350,1078,3.04964539,0.002927126004,0.7549019608,0.7697039778,2.927126004,3,0.3682793287,23.76774298
152,r152,49.03922353,parallel,2,Pink JG20-1.0HP (ID: 0.024''; OD: 0.036'') - 1.5'',E1_5_1,horizontal,bottom facing up,2,https://liveutk-my.sharepoint.com/:i:/r/personal/grible_vols_utk_edu/Documents/Fur%20Wetting/Experiments/h1_E2_3_1/camerasettingshydrophoc4-7.PNG?csf=1&web=1&e=wCtXFs,https://liveutk-my.sharepoint.com/:i:/r/personal/grible_vols_utk_edu/Documents/Fur%20Wetting/Experiments/r1_E1_3_1/20220207_145306000_iOS.jpg?csf=1&web=1&e=mZ21tB,Agustin Soto,27.3,5.860805861,5.860805861,4.249084249,4.835164835,0,0,29.11659835,89,0.0106244133,1.794871795,0.03663003663,0,2.943548387,19.07258065,7.620967742,,3.246096454,03/21/2023,r5_E1_5_26,997.77,0.001,0.0728,"E, ii",E,ii,ii,350,1078,2.454212454,0.003029498017,0.7549019608,0.7973548191,3.029498017,3,0.355834529,26.39811897
153,r153,49.03922353,parallel,2,Pink JG20-1.0HP (ID: 0.024''; OD: 0.036'') - 1.5'',E1_5_1,horizontal,bottom facing up,3,https://liveutk-my.sharepoint.com/:i:/r/personal/grible_vols_utk_edu/Documents/Fur%20Wetting/Experiments/h1_E2_3_1/camerasettingshydrophoc4-7.PNG?csf=1&web=1&e=wCtXFs,https://liveutk-my.sharepoint.com/:i:/r/personal/grible_vols_utk_edu/Documents/Fur%20Wetting/Experiments/r1_E1_3_1/20220207_145306000_iOS.jpg?csf=1&web=1&e=mZ21tB,Agustin Soto,30.9,5.177993528,5.177993528,3.624595469,4.30420712,0,0,20.07619339,100,0.1716396833,0.7443365696,-0.1294498382,0,2.701612903,22.78225806,1.330645161,,4.032168598,03/21/2023,r5_E1_5_27,997.77,0.001,0.0728,"E, ii",E,ii,ii,350,1078,2.8802589,0.002676399361,0.7549019608,0.788393938,2.676399361,3,0.4027799497,22.8000885
199,r199,144.1152692,parallel,2,Pink JG20-1.0HP (ID: 0.024''; OD: 0.036'') - 1.5'',E1_3_2,horizontal,bottom facing up,1,https://liveutk-my.sharepoint.com/:i:/r/personal/grible_vols_utk_edu/Documents/Fur%20Wetting/Experiments/h1_E2_3_1/camerasettingshydrophoc4-7.PNG?csf=1&web=1&e=wCtXFs,https://liveutk-my.sharepoint.com/:i:/r/personal/grible_vols_utk_edu/Documents/Fur%20Wetting/Experiments/r1_E1_3_1/20220207_145306000_iOS.jpg?csf=1&web=1&e=mZ21tB,Zackary Morgan,24.4,4.467213115,4.467213115,4.139344262,5.040983607,0,0,14.32393984,37,0.1299696953,1.803278689,0,,1.900921659,9.850230415,7.085253456,9.850230415,3.615927522,01/26/2024,r5_E1_3_34,997.77,0.001,0.0728,"E, i",E,i,DLRS,350,483,2.336065574,0.002391541694,0.5798319328,1.412623847,2.391541694,4,0.2019617727,65.40788202
200,r200,144.1152692,parallel,2,Pink JG20-1.0HP (ID: 0.024''; OD: 0.036'') - 1.5'',E1_3_2,horizontal,bottom facing up,2,https://liveutk-my.sharepoint.com/:i:/r/personal/grible_vols_utk_edu/Documents/Fur%20Wetting/Experiments/h1_E2_3_1/camerasettingshydrophoc4-7.PNG?csf=1&web=1&e=wCtXFs,https://liveutk-my.sharepoint.com/:i:/r/personal/grible_vols_utk_edu/Documents/Fur%20Wetting/Experiments/r1_E1_3_1/20220207_145306000_iOS.jpg?csf=1&web=1&e=mZ21tB,Zackary Morgan,23.2,5.517241379,5.517241379,3.965517241,4.353448276,0,0,15.15785757,30,0.3943465525,1.767241379,0,0,3.346774194,14.95967742,6.733870968,14.95967742,2.166294711,01/26/2024,r5_E1_3_35,997.77,0.001,0.0728,"E, i",E,i,DLRS,350,483,2.198275862,0.002437079714,0.5798319328,1.439845335,2.437079714,4,0.1981880187,69.24692365
201,r201,144.1152692,parallel,2,Pink JG20-1.0HP (ID: 0.024''; OD: 0.036'') - 1.5'',E1_3_2,horizontal,bottom facing up,3,https://liveutk-my.sharepoint.com/:i:/r/personal/grible_vols_utk_edu/Documents/Fur%20Wetting/Experiments/h1_E2_3_1/camerasettingshydrophoc4-7.PNG?csf=1&web=1&e=wCtXFs,https://liveutk-my.sharepoint.com/:i:/r/personal/grible_vols_utk_edu/Documents/Fur%20Wetting/Experiments/r1_E1_3_1/20220207_145306000_iOS.jpg?csf=1&web=1&e=mZ21tB,Zackary Morgan,22.8,4.780701754,4.780701754,4.385964912,5,0,0,17.04534764,33,0.07111820036,2.105263158,-0.1754385965,,10.00576037,10.00576037,9.279953917,10.00576037,2.301565498,01/26/2024,r5_E1_3_36,997.77,0.001,0.0728,"E, i",E,i,DLRS,350,483,2.280701754,0.002534306174,0.5798319328,1.458217913,2.534306174,4,0.1905847071,73.85892836
202,r202,100,parallel,2,Pink JG20-1.0HP (ID: 0.024''; OD: 0.036'') - 1.5'',E1_4_1,horizontal,bottom facing up,1,https://liveutk-my.sharepoint.com/:i:/r/personal/grible_vols_utk_edu/Documents/Fur%20Wetting/Experiments/h1_E2_3_1/camerasettingshydrophoc4-7.PNG?csf=1&web=1&e=wCtXFs,https://liveutk-my.sharepoint.com/:i:/r/personal/grible_vols_utk_edu/Documents/Fur%20Wetting/Experiments/r1_E1_3_1/20220207_145306000_iOS.jpg?csf=1&web=1&e=mZ21tB,Gina Shome,24.6,5.650406504,5.650406504,3.37398374,6.991869919,0,0,16.29766497,40,0.5547348584,-0.4471544715,0.7317073171,0,2.842741935,28.36693548,23.08467742,,1.55373778,06/01/2024,r5_E1_4_34,997.77,0.001,0.0728,"E, W",E,W,NR,350,650,3.821138211,0.002496695562,0.65,1.454703833,2.496695562,4,0.2603441164,72.41254609
203,r203,100,parallel,2,Pink JG20-1.0HP (ID: 0.024''; OD: 0.036'') - 1.5'',E1_4_1,horizontal,bottom facing up,2,https://liveutk-my.sharepoint.com/:i:/r/personal/grible_vols_utk_edu/Documents/Fur%20Wetting/Experiments/h1_E2_3_1/camerasettingshydrophoc4-7.PNG?csf=1&web=1&e=wCtXFs,https://liveutk-my.sharepoint.com/:i:/r/personal/grible_vols_utk_edu/Documents/Fur%20Wetting/Experiments/r1_E1_3_1/20220207_145306000_iOS.jpg?csf=1&web=1&e=mZ21tB,Gina Shome,24,4.666666667,5.541666667,5.541666667,5.916666667,0,0,16.00981738,37,0.7818740706,0.5416666667,-0.375,0,24.15898618,33.21428571,2.246543779,,0.9937753129,06/01/2024,r5_E1_4_35,997.77,0.001,0.0728,"E, W",E,W,NR,350,650,5,0.002481909378,0.65,1.479876161,2.481909378,4,0.2618951384,74.49647631
204,r204,100,parallel,2,Pink JG20-1.0HP (ID: 0.024''; OD: 0.036'') - 1.5'',E1_4_1,horizontal,bottom facing up,3,https://liveutk-my.sharepoint.com/:i:/r/personal/grible_vols_utk_edu/Documents/Fur%20Wetting/Experiments/h1_E2_3_1/camerasettingshydrophoc4-7.PNG?csf=1&web=1&e=wCtXFs,https://liveutk-my.sharepoint.com/:i:/r/personal/grible_vols_utk_edu/Documents/Fur%20Wetting/Experiments/r1_E1_3_1/20220207_145306000_iOS.jpg?csf=1&web=1&e=mZ21tB,Gina Shome,24,5.94017094,5.94017094,4.102564103,6.41025641,0,0,18.81267157,39,1.033764649,0.1282051282,0,0,0.3369815668,24.70334101,1.218317972,,1.36022397,06/01/2024,r5_E1_4_36,997.77,0.001,0.0728,"E, W",E,W,NR,350,650,3.974358974,0.002619030877,0.65,1.526772247,2.619030877,4,0.2481834047,83.67355001
205,r205,49.03922353,parallel,2,Pink JG20-1.0HP (ID: 0.024''; OD: 0.036'') - 1.5'',E1_5_1,horizontal,bottom facing up,1,https://liveutk-my.sharepoint.com/:i:/r/personal/grible_vols_utk_edu/Documents/Fur%20Wetting/Experiments/h1_E2_3_1/camerasettingshydrophoc4-7.PNG?csf=1&web=1&e=wCtXFs,https://liveutk-my.sharepoint.com/:i:/r/personal/grible_vols_utk_edu/Documents/Fur%20Wetting/Experiments/r1_E1_3_1/20220207_145306000_iOS.jpg?csf=1&web=1&e=mZ21tB,Gina Shome,27.2,10.33088235,10.55147059,6.029411765,6.286764706,0,0,16.38465277,32,0.1155964416,0.625,0.07352941176,0.00E+00,32.85714286,45.66820276,12.85714286,,3.463141001,06/03/2024,r5_E1_5_34,997.77,0.001,0.0728,"PDF, D",D,PDF,PDF,350,1078,5.404411765,0.002501129669,0.7549019608,1.46273616,2.501129669,4,0.4310052427,73.34445161
206,r206,49.03922353,parallel,2,Pink JG20-1.0HP (ID: 0.024''; OD: 0.036'') - 1.5'',E1_5_1,horizontal,bottom facing up,2,https://liveutk-my.sharepoint.com/:i:/r/personal/grible_vols_utk_edu/Documents/Fur%20Wetting/Experiments/h1_E2_3_1/camerasettingshydrophoc4-7.PNG?csf=1&web=1&e=wCtXFs,https://liveutk-my.sharepoint.com/:i:/r/personal/grible_vols_utk_edu/Documents/Fur%20Wetting/Experiments/r1_E1_3_1/20220207_145306000_iOS.jpg?csf=1&web=1&e=mZ21tB,Gina Shome,26.4,19.54545455,19.54545455,3.901515152,3.977272727,0,0,16.59943147,34,0.2875959504,2.310606061,0.4166666667,0.00E+00,8.508064516,28.91129032,1.653225806,,6.6447157,06/03/2024,r5_E1_5_35,997.77,0.001,0.0728,"PDF, D",D,PDF,PDF,350,1078,1.590909091,0.002512010972,0.7549019608,1.415718293,2.512010972,4,0.429138253,69.00400247
207,r207,49.03922353,parallel,2,Pink JG20-1.0HP (ID: 0.024''; OD: 0.036'') - 1.5'',E1_5.1_sb_1,horizontal,bottom facing up,3,https://liveutk-my.sharepoint.com/:i:/r/personal/grible_vols_utk_edu/Documents/Fur%20Wetting/Experiments/h1_E2_3_1/camerasettingshydrophoc4-7.PNG?csf=1&web=1&e=wCtXFs,https://liveutk-my.sharepoint.com/:i:/r/personal/grible_vols_utk_edu/Documents/Fur%20Wetting/Experiments/r1_E1_3_1/20220207_145306000_iOS.jpg?csf=1&web=1&e=mZ21tB,Gina Shome,26.8,10.48507463,10.70895522,4.21641791,4.589552239,0,0,22.3668404,33,0.06296535095,1.604477612,0.03731343284,0.00E+00,31.01382488,44.47004608,12.39631336,,3.472152999,06/04/2024,r5_E1_5.1_36,997.77,0.001,0.0728,"E, iii",E,iii,iiii,350,1078,2.611940298,0.002774546495,0.7549019608,1.44504749,2.774546495,4,0.3885319644,79.40636386