Order,No.,Height [level],Fur Density [furs/cm^2],Fur Arrangement,Number of Drops,Needle,Fur Sample,Fur Type,Fur Orientation,Replication,Camera Settings,Lighting,Names,Resolution [pixels/mm],Steady State Penetration Depth [mm],Maximum Penetration Depth [mm],Droplet Final Spread [mm],Droplet Maximum Spread [mm],Droplet Velocity [m/s],Droplet Diameter [mm],Steady State Dome Height [mm],Minimum Dome Height [mm],Volume Below Fur at Max. Spread [mm^3],Video Index of Max. Spread,Delta_pos,Delta_spread,Delta_Pen,Delta_DomeHeight,Tausp,Tausx,Taush,Tauss,Taumaxspread,Date,Filename,Density of Water (kg/m^3),Viscosity of Water,Surface Tension of Water (N/m),Initial Impact Classification,Initial Impact Dome,Initial Impact Shape,Final Impact Classification,Fur Strand Square Length Dimension (um)Â [l],Inter-fiber spacing (um) [d],Do (m),Aspect Ratio,Modified Aspect Ratio,Weber #,Initial Spread
10,r10,1,162.0324049,staggered,2,Pink JG20-1.0HP (ID: 0.024''; OD: 0.036'') - 1.5'',E1_6_1,horizontal,standard,1,https://liveutk-my.sharepoint.com/:i:/r/personal/grible_vols_utk_edu/Documents/Fur%20Wetting/Experiments/h1_E2_3_1/camerasettingshydrophoc4-7.PNG?csf=1&web=1&e=wCtXFs,https://liveutk-my.sharepoint.com/:i:/r/personal/grible_vols_utk_edu/Documents/Fur%20Wetting/Experiments/r1_E1_3_1/20220207_145306000_iOS.jpg?csf=1&web=1&e=mZ21tB,Zack Morgan,27.6,1.296296296,1.296296296,6.074074074,6.407407407,0.3128754829,2.598952359,1,0.8518518519,7.766642721,47,0.03792831924,1.296296296,0,,1.373847926,5.054723502,12.62384793,,7.619681192,02/25/2024,r5_E1_6_1,997.77,0.001,0.0728,"D, W",D,W,JLRD,350,761,0.002598952359,0.6849684968,0.2928102924,3.486907663,4.777777778
11,r11,1,162.0324049,staggered,2,Pink JG20-1.0HP (ID: 0.024''; OD: 0.036'') - 1.5'',E1_6_2,horizontal,standard,2,https://liveutk-my.sharepoint.com/:i:/r/personal/grible_vols_utk_edu/Documents/Fur%20Wetting/Experiments/h1_E2_3_1/camerasettingshydrophoc4-7.PNG?csf=1&web=1&e=wCtXFs,https://liveutk-my.sharepoint.com/:i:/r/personal/grible_vols_utk_edu/Documents/Fur%20Wetting/Experiments/r1_E1_3_1/20220207_145306000_iOS.jpg?csf=1&web=1&e=mZ21tB,Zack Morgan,26.8,6.679104478,6.679104478,6.343283582,6.567164179,0.339843932,2.504148185,0.2985074627,0.07462686567,16.44404639,54,1.81E-02,0,0,0.787037037,3.75,17.54032258,17.54032258,,1.794797352,02/25/2024,r5_E1_6_2,997.77,0.001,0.0728,"D, W",D,W,JLRD,350,761,0.002504148185,0.6849684968,0.3038957536,3.963858359,6.343283582
12,r12,1,162.0324049,staggered,2,Pink JG20-1.0HP (ID: 0.024''; OD: 0.036'') - 1.5'',E1_6_2,horizontal,standard,3,https://liveutk-my.sharepoint.com/:i:/r/personal/grible_vols_utk_edu/Documents/Fur%20Wetting/Experiments/h1_E2_3_1/camerasettingshydrophoc4-7.PNG?csf=1&web=1&e=wCtXFs,https://liveutk-my.sharepoint.com/:i:/r/personal/grible_vols_utk_edu/Documents/Fur%20Wetting/Experiments/r1_E1_3_1/20220207_145306000_iOS.jpg?csf=1&web=1&e=mZ21tB,Zack Morgan,27.8,1.366906475,1.366906475,6.223021583,6.54676259,0.3392377475,2.693525244,0.9712230216,0.8273381295,-15.84969076,64,0.07608458688,1.618705036,0.4316546763,,24.95391705,38.22580645,46.24423963,46.24423963,2.440157031,02/25/2024,r5_E1_6_3,997.77,0.001,0.0728,"D, W",D,W,JLRD,350,761,0.002693525244,0.6849684968,0.2825293737,4.248429877,4.604316547
13,r13,1,97.94122645,staggered,2,Pink JG20-1.0HP (ID: 0.024''; OD: 0.036'') - 1.5'',E1_7_1,horizontal,standard,1,https://liveutk-my.sharepoint.com/:i:/r/personal/grible_vols_utk_edu/Documents/Fur%20Wetting/Experiments/h1_E2_3_1/camerasettingshydrophoc4-7.PNG?csf=1&web=1&e=wCtXFs,https://liveutk-my.sharepoint.com/:i:/r/personal/grible_vols_utk_edu/Documents/Fur%20Wetting/Experiments/r1_E1_3_1/20220207_145306000_iOS.jpg?csf=1&web=1&e=mZ21tB,Zack Morgan,27.6,1.811594203,1.811594203,4.637681159,4.891304348,0.5009846993,2.621023185,0,0,18.85563688,66,0.09578938896,1.376811594,0.5797101449,0,6.520737327,10.43778802,12.78801843,12.78801843,1.401699846,02/25/2024,r5_E1_7_1,997.77,0.001,0.0728,"E, W",E,W,JLRS,350,1079,0.002621023185,0.755073478,0.4116712916,9.01610269,3.260869565
14,r14,1,97.94122645,staggered,2,Pink JG20-1.0HP (ID: 0.024''; OD: 0.036'') - 1.5'',E1_7_1,horizontal,standard,2,https://liveutk-my.sharepoint.com/:i:/r/personal/grible_vols_utk_edu/Documents/Fur%20Wetting/Experiments/h1_E2_3_1/camerasettingshydrophoc4-7.PNG?csf=1&web=1&e=wCtXFs,https://liveutk-my.sharepoint.com/:i:/r/personal/grible_vols_utk_edu/Documents/Fur%20Wetting/Experiments/r1_E1_3_1/20220207_145306000_iOS.jpg?csf=1&web=1&e=mZ21tB,Zack Morgan,25.2,2.142857143,2.142857143,5.753968254,6.071428571,0.5804367201,2.909075185,0,0,25.78062581,62,0.007289184176,2.817460317,0.1587301587,0,7.465437788,8.903225806,9.751152074,9.751152074,1.662718342,02/25/2024,r5_E1_7_2,997.77,0.001,0.0728,"E, W",E,W,DLRS,350,1079,0.002909075185,0.755073478,0.3709082548,13.43271397,2.936507937
15,r15,1,97.94122645,staggered,2,Pink JG20-1.0HP (ID: 0.024''; OD: 0.036'') - 1.5'',E1_7_1,horizontal,standard,3,https://liveutk-my.sharepoint.com/:i:/r/personal/grible_vols_utk_edu/Documents/Fur%20Wetting/Experiments/h1_E2_3_1/camerasettingshydrophoc4-7.PNG?csf=1&web=1&e=wCtXFs,https://liveutk-my.sharepoint.com/:i:/r/personal/grible_vols_utk_edu/Documents/Fur%20Wetting/Experiments/r1_E1_3_1/20220207_145306000_iOS.jpg?csf=1&web=1&e=mZ21tB,Zack Morgan,27.2,1.985294118,1.985294118,5.036764706,5.404411765,0.5420866935,2.68313872,0,0,20.22823534,59,0.06703807428,1.544117647,0.6985294118,0,11.7281106,12.55760369,14.63133641,14.63133641,1.683621156,02/25/2024,r5_E1_7_3,997.77,0.001,0.0728,"E, W",E,W,JLRS,350,1079,0.00268313872,0.755073478,0.4021409672,10.80636626,3.492647059
16,r16,1,50,staggered,2,Pink JG20-1.0HP (ID: 0.024''; OD: 0.036'') - 1.5'',E1_8_1,horizontal,standard,1,https://liveutk-my.sharepoint.com/:i:/r/personal/grible_vols_utk_edu/Documents/Fur%20Wetting/Experiments/h1_E2_3_1/camerasettingshydrophoc4-7.PNG?csf=1&web=1&e=wCtXFs,https://liveutk-my.sharepoint.com/:i:/r/personal/grible_vols_utk_edu/Documents/Fur%20Wetting/Experiments/r1_E1_3_1/20220207_145306000_iOS.jpg?csf=1&web=1&e=mZ21tB,Agustin Soto,29.4,1.972789116,2.006802721,6.360544218,6.394557823,0.2298420991,2.918615229,0.7142857143,0.4421768707,21.50632298,357,0.05639780713,3.129251701,-0.03401360544,,4.821428571,8.588709677,6.89516129,8.588709677,7.350036768,04/13/2023,r5_E1_8_1,997.77,0.001,0.0728,"D, W",D,W,JLRD,350,1650,0.002918615229,0.825,0.5653365964,2.11317306,3.231292517
17,r17,1,50,staggered,2,Pink JG20-1.0HP (ID: 0.024''; OD: 0.036'') - 1.5'',E1_8_1,horizontal,standard,2,https://liveutk-my.sharepoint.com/:i:/r/personal/grible_vols_utk_edu/Documents/Fur%20Wetting/Experiments/h1_E2_3_1/camerasettingshydrophoc4-7.PNG?csf=1&web=1&e=wCtXFs,https://liveutk-my.sharepoint.com/:i:/r/personal/grible_vols_utk_edu/Documents/Fur%20Wetting/Experiments/r1_E1_3_1/20220207_145306000_iOS.jpg?csf=1&web=1&e=mZ21tB,Agustin Soto,29.4,1.428571429,1.496598639,4.863945578,5.204081633,0.2275038394,2.921617896,0.9523809524,0.2040816327,23.80379726,119,0.00743639902,2.448979592,-0.06802721088,,7.52764977,12.79493088,13.79032258,13.79032258,0.752734909,04/13/2023,r5_E1_8_2,997.77,0.001,0.0728,"D, W",D,W,DLRD,350,1650,0.002921617896,0.825,0.5647555768,2.07252577,2.414965986
18,r18,1,50,staggered,2,Pink JG20-1.0HP (ID: 0.024''; OD: 0.036'') - 1.5'',E1_8_1,horizontal,standard,3,https://liveutk-my.sharepoint.com/:i:/r/personal/grible_vols_utk_edu/Documents/Fur%20Wetting/Experiments/h1_E2_3_1/camerasettingshydrophoc4-7.PNG?csf=1&web=1&e=wCtXFs,https://liveutk-my.sharepoint.com/:i:/r/personal/grible_vols_utk_edu/Documents/Fur%20Wetting/Experiments/r1_E1_3_1/20220207_145306000_iOS.jpg?csf=1&web=1&e=mZ21tB,Agustin Soto,29.4,2.006802721,2.006802721,5.74829932,6.12244898,0.2376304188,2.943664874,0.7142857143,0,25.65032763,135,0.04097352854,2.380952381,-0.03401360544,,6.433179724,10.00921659,10.67281106,10.67281106,1.614520871,04/13/2023,r5_E1_8_3,997.77,0.001,0.0728,"D, W",D,W,DLRD,350,1650,0.002943664874,0.825,0.5605257631,2.278198151,3.367346939
64,r64,2,162.0324049,staggered,2,Pink JG20-1.0HP (ID: 0.024''; OD: 0.036'') - 1.5'',E1_6_1,horizontal,standard,1,https://liveutk-my.sharepoint.com/:i:/r/personal/grible_vols_utk_edu/Documents/Fur%20Wetting/Experiments/h1_E2_3_1/camerasettingshydrophoc4-7.PNG?csf=1&web=1&e=wCtXFs,https://liveutk-my.sharepoint.com/:i:/r/personal/grible_vols_utk_edu/Documents/Fur%20Wetting/Experiments/r1_E1_3_1/20220207_145306000_iOS.jpg?csf=1&web=1&e=mZ21tB,Zack Morgan,24.8,1.532258065,1.532258065,4.475806452,5.927419355,0.7234651405,2.629266289,0.4838709677,0.4838709677,4.110960262,49,0.1062932357,1.814516129,0,,1.244239631,22.71889401,5.944700461,22.71889401,1.375792828,03/19/2024,r5_E1_6_10,997.77,0.001,0.0728,"D, W",D,W,JLRD,350,761,0.002629266289,0.6849684968,0.2894343579,18.86117981,2.661290323
65,r65,2,162.0324049,staggered,2,Pink JG20-1.0HP (ID: 0.024''; OD: 0.036'') - 1.5'',E1_6_1,horizontal,standard,2,https://liveutk-my.sharepoint.com/:i:/r/personal/grible_vols_utk_edu/Documents/Fur%20Wetting/Experiments/h1_E2_3_1/camerasettingshydrophoc4-7.PNG?csf=1&web=1&e=wCtXFs,https://liveutk-my.sharepoint.com/:i:/r/personal/grible_vols_utk_edu/Documents/Fur%20Wetting/Experiments/r1_E1_3_1/20220207_145306000_iOS.jpg?csf=1&web=1&e=mZ21tB,Zack Morgan,22.8,1.578947368,1.622807018,3.728070175,5.877192982,0.7501205445,2.831609688,0.1315789474,0.1315789474,13.34147052,60,2.153258456,0.1315789474,0.5263157895,0.005771006464,11.30184332,15.5875576,11.16359447,,0.9713351415,03/19/2024,r5_E1_6_11,997.77,0.001,0.0728,"E, W",E,W,XXX,350,761,0.002831609688,0.6849684968,0.2687517292,21.83708036,3.596491228
66,r66,2,162.0324049,staggered,2,Pink JG20-1.0HP (ID: 0.024''; OD: 0.036'') - 1.5'',E1_6_1,horizontal,standard,3,https://liveutk-my.sharepoint.com/:i:/r/personal/grible_vols_utk_edu/Documents/Fur%20Wetting/Experiments/h1_E2_3_1/camerasettingshydrophoc4-7.PNG?csf=1&web=1&e=wCtXFs,https://liveutk-my.sharepoint.com/:i:/r/personal/grible_vols_utk_edu/Documents/Fur%20Wetting/Experiments/r1_E1_3_1/20220207_145306000_iOS.jpg?csf=1&web=1&e=mZ21tB,Zack Morgan,23.4,0.9829059829,0.9829059829,2.307692308,5.811965812,0.7667883587,2.748540723,0,,21.74378504,50,1.296647518,-2.692307692,-2.136752137,,3.830645161,10.44354839,10.44354839,,1.301907461,03/19/2024,r5_E1_6_12,997.77,0.001,0.0728,"E, W",E,W,XXX,350,761,0.002748540723,0.6849684968,0.2768741949,22.14890499,5
67,r67,2,97.94122645,staggered,2,Pink JG20-1.0HP (ID: 0.024''; OD: 0.036'') - 1.5'',E1_7_1,horizontal,standard,1,https://liveutk-my.sharepoint.com/:i:/r/personal/grible_vols_utk_edu/Documents/Fur%20Wetting/Experiments/h1_E2_3_1/camerasettingshydrophoc4-7.PNG?csf=1&web=1&e=wCtXFs,https://liveutk-my.sharepoint.com/:i:/r/personal/grible_vols_utk_edu/Documents/Fur%20Wetting/Experiments/r1_E1_3_1/20220207_145306000_iOS.jpg?csf=1&web=1&e=mZ21tB,Zack Morgan,24,1.958333333,2.291666667,4.458333333,5,0.6662381004,2.619352882,0,0,18.81961137,51,2.34E-04,1.541666667,0.04166666667,,2.540322581,9.383640553,3.888248848,,0.7630565225,3/19/2024,r5_E1_7_10,997.77,0.001,0.0728,"E, W",E,W,DLRS,350,1079,0.002619352882,0.755073478,0.4119338053,15.93499766,2.916666667
68,r68,2,97.94122645,staggered,2,Pink JG20-1.0HP (ID: 0.024''; OD: 0.036'') - 1.5'',E1_7_1,horizontal,standard,2,https://liveutk-my.sharepoint.com/:i:/r/personal/grible_vols_utk_edu/Documents/Fur%20Wetting/Experiments/h1_E2_3_1/camerasettingshydrophoc4-7.PNG?csf=1&web=1&e=wCtXFs,https://liveutk-my.sharepoint.com/:i:/r/personal/grible_vols_utk_edu/Documents/Fur%20Wetting/Experiments/r1_E1_3_1/20220207_145306000_iOS.jpg?csf=1&web=1&e=mZ21tB,Zack Morgan,24,1.958333333,2.25,4.333333333,4.75,0.6480541685,2.58051055,0,0,17.99473828,61,0.03659134456,1.541666667,0.04166666667,,7.638248848,11.09447005,3.352534562,,0.6696909065,3/19/2024,r5_E1_7_11,997.77,0.001,0.0728,"E, W",E,W,DLRS,350,1079,0.00258051055,0.755073478,0.4181343107,14.85344931,2.791666667
69,r69,2,97.94122645,staggered,2,Pink JG20-1.0HP (ID: 0.024''; OD: 0.036'') - 1.5'',E1_7_1,horizontal,standard,3,https://liveutk-my.sharepoint.com/:i:/r/personal/grible_vols_utk_edu/Documents/Fur%20Wetting/Experiments/h1_E2_3_1/camerasettingshydrophoc4-7.PNG?csf=1&web=1&e=wCtXFs,https://liveutk-my.sharepoint.com/:i:/r/personal/grible_vols_utk_edu/Documents/Fur%20Wetting/Experiments/r1_E1_3_1/20220207_145306000_iOS.jpg?csf=1&web=1&e=mZ21tB,Zack Morgan,23.7,1.983122363,2.405063291,4.514767932,4.978902954,0.7025857406,2.618392927,0,0,18.79892761,39,0.1008970152,1.603375527,0.04219409283,,10.47235023,14.82718894,4.251152074,,0.8049812538,3/19/2024,r5_E1_7_12,997.77,0.001,0.0728,"E, W",E,W,DLRS,350,1079,0.002618392927,0.755073478,0.4120848284,17.7146487,2.911392405
70,r70,2,50,staggered,2,Pink JG20-1.0HP (ID: 0.024''; OD: 0.036'') - 1.5'',E1_8_1,horizontal,standard,1,https://liveutk-my.sharepoint.com/:i:/r/personal/grible_vols_utk_edu/Documents/Fur%20Wetting/Experiments/h1_E2_3_1/camerasettingshydrophoc4-7.PNG?csf=1&web=1&e=wCtXFs,https://liveutk-my.sharepoint.com/:i:/r/personal/grible_vols_utk_edu/Documents/Fur%20Wetting/Experiments/r1_E1_3_1/20220207_145306000_iOS.jpg?csf=1&web=1&e=mZ21tB,Zack Morgan,20.4,3.921568627,3.970588235,4.117647059,4.950980392,0.7847826087,2.737861543,0,0,21.4913186,61,0.1239675211,1.323529412,0,0,4.285714286,24.93087558,1.705069124,,3.057501032,03/22/2024,r5_E1_8_10,997.77,0.001,0.0728,"E, i",E,i,NRND,350,1650,0.002737861543,0.825,0.6026601325,23.11049696,2.794117647
71,r71,2,50,staggered,2,Pink JG20-1.0HP (ID: 0.024''; OD: 0.036'') - 1.5'',E1_8_1,horizontal,standard,2,https://liveutk-my.sharepoint.com/:i:/r/personal/grible_vols_utk_edu/Documents/Fur%20Wetting/Experiments/h1_E2_3_1/camerasettingshydrophoc4-7.PNG?csf=1&web=1&e=wCtXFs,https://liveutk-my.sharepoint.com/:i:/r/personal/grible_vols_utk_edu/Documents/Fur%20Wetting/Experiments/r1_E1_3_1/20220207_145306000_iOS.jpg?csf=1&web=1&e=mZ21tB,Zack Morgan,21.3,4.694835681,4.741784038,4.366197183,4.507042254,0.7393076407,2.638054339,0.5633802817,0,19.22559675,61,0.125727165,1.737089202,0,0.636778417,5.702764977,20.21889401,22.98387097,,3.082720445,03/22/2024,r5_E1_8_11,997.77,0.001,0.0728,"D, i",D,i,i,350,1650,0.002638054339,0.825,0.6254609602,19.76210438,2.629107981
72,r72,2,50,staggered,2,Pink JG20-1.0HP (ID: 0.024''; OD: 0.036'') - 1.5'',E1_8_1,horizontal,standard,3,https://liveutk-my.sharepoint.com/:i:/r/personal/grible_vols_utk_edu/Documents/Fur%20Wetting/Experiments/h1_E2_3_1/camerasettingshydrophoc4-7.PNG?csf=1&web=1&e=wCtXFs,https://liveutk-my.sharepoint.com/:i:/r/personal/grible_vols_utk_edu/Documents/Fur%20Wetting/Experiments/r1_E1_3_1/20220207_145306000_iOS.jpg?csf=1&web=1&e=mZ21tB,Zack Morgan,21.6,4.62962963,5,4.212962963,4.62962963,0.7171902852,2.608758374,0,0,18.59217447,62,0.1390135228,1.342592593,0.9259259259,0,4.556451613,15.92741935,1.491935484,,2.29096944,03/22/2024,r5_E1_8_12,997.77,0.001,0.0728,"E, i",E,i,NRND,350,1650,0.002608758374,0.825,0.632484793,18.3908463,2.87037037
118,r118,3,162.0324049,staggered,2,Pink JG20-1.0HP (ID: 0.024''; OD: 0.036'') - 1.5'',E1_6_1,horizontal,standard,1,https://liveutk-my.sharepoint.com/:i:/r/personal/grible_vols_utk_edu/Documents/Fur%20Wetting/Experiments/h1_E2_3_1/camerasettingshydrophoc4-7.PNG?csf=1&web=1&e=wCtXFs,https://liveutk-my.sharepoint.com/:i:/r/personal/grible_vols_utk_edu/Documents/Fur%20Wetting/Experiments/r1_E1_3_1/20220207_145306000_iOS.jpg?csf=1&web=1&e=mZ21tB,Zack Morgan,20.8,1.442307692,1.442307692,6.442307692,6.490384615,0.7823899231,2.781743957,0,0,22.54135807,47,0.1040160825,1.923076923,0,,7.488479263,9.470046083,13.80184332,13.80184332,2.365587087,03/22/2024,r5_E1_6_19,997.77,0.001,0.0728,"E, W",E,W,JLRS,350,761,0.002781743957,0.6849684968,0.2735693909,23.33795039,4.519230769
119,r119,3,162.0324049,staggered,2,Pink JG20-1.0HP (ID: 0.024''; OD: 0.036'') - 1.5'',E1_6_1,horizontal,standard,2,https://liveutk-my.sharepoint.com/:i:/r/personal/grible_vols_utk_edu/Documents/Fur%20Wetting/Experiments/h1_E2_3_1/camerasettingshydrophoc4-7.PNG?csf=1&web=1&e=wCtXFs,https://liveutk-my.sharepoint.com/:i:/r/personal/grible_vols_utk_edu/Documents/Fur%20Wetting/Experiments/r1_E1_3_1/20220207_145306000_iOS.jpg?csf=1&web=1&e=mZ21tB,Zack Morgan,21.2,1.462264151,1.462264151,6.367924528,6.41509434,0.8121938923,2.728379696,0,0,21.26880281,50,0.03936573329,1.698113208,0,0,8.266129032,14.37211982,14.0264977,14.37211982,2.121703542,03/22/2024,r5_E1_6_20,997.77,0.001,0.0728,"E, W",E,W,JLRS,350,761,0.002728379696,0.6849684968,0.2789201228,24.66739624,4.669811321
120,r120,3,162.0324049,staggered,2,Pink JG20-1.0HP (ID: 0.024''; OD: 0.036'') - 1.5'',E1_6_1,horizontal,standard,3,https://liveutk-my.sharepoint.com/:i:/r/personal/grible_vols_utk_edu/Documents/Fur%20Wetting/Experiments/h1_E2_3_1/camerasettingshydrophoc4-7.PNG?csf=1&web=1&e=wCtXFs,https://liveutk-my.sharepoint.com/:i:/r/personal/grible_vols_utk_edu/Documents/Fur%20Wetting/Experiments/r1_E1_3_1/20220207_145306000_iOS.jpg?csf=1&web=1&e=mZ21tB,Zack Morgan,21.8,1.467889908,1.467889908,5.779816514,5.825688073,0.8013987837,2.656775204,0,0,19.63780963,40,0.3279191269,1.834862385,0.04587155963,0,10.22465438,14.890553,17.42511521,17.42511521,1.700576982,03/22/2024,r5_E1_6_21,997.77,0.001,0.0728,"E, W",E,W,DLRS,350,761,0.002656775204,0.6849684968,0.2864374821,23.38574607,3.944954128
121,r121,3,97.94122645,staggered,2,Pink JG20-1.0HP (ID: 0.024''; OD: 0.036'') - 1.5'',E1_7_1,horizontal,standard,1,https://liveutk-my.sharepoint.com/:i:/r/personal/grible_vols_utk_edu/Documents/Fur%20Wetting/Experiments/h1_E2_3_1/camerasettingshydrophoc4-7.PNG?csf=1&web=1&e=wCtXFs,https://liveutk-my.sharepoint.com/:i:/r/personal/grible_vols_utk_edu/Documents/Fur%20Wetting/Experiments/r1_E1_3_1/20220207_145306000_iOS.jpg?csf=1&web=1&e=mZ21tB,Zack Morgan,22,2.409090909,2.454545455,3.863636364,4.863636364,0.7832981389,2.555211958,0,0,16.96297285,37,0.003430918507,1.181818182,0.5,0,12.64400922,18.46198157,19.15322581,19.15322581,0.9091523369,03/22/2024,r5_E1_7_19,997.77,0.001,0.0728,"E, W",E,W,NRND,350,1079,0.002555211958,0.755073478,0.4222741665,21.48721766,2.681818182
122,r122,3,97.94122645,staggered,2,Pink JG20-1.0HP (ID: 0.024''; OD: 0.036'') - 1.5'',E1_7_1,horizontal,standard,2,https://liveutk-my.sharepoint.com/:i:/r/personal/grible_vols_utk_edu/Documents/Fur%20Wetting/Experiments/h1_E2_3_1/camerasettingshydrophoc4-7.PNG?csf=1&web=1&e=wCtXFs,https://liveutk-my.sharepoint.com/:i:/r/personal/grible_vols_utk_edu/Documents/Fur%20Wetting/Experiments/r1_E1_3_1/20220207_145306000_iOS.jpg?csf=1&web=1&e=mZ21tB,Zack Morgan,23.4,3.461538462,3.461538462,3.931623932,4.358974359,0.7985938792,2.425325517,0,0,14.50413463,42,0.104864748,1.367521368,1.196581197,0,13.02995392,19.25115207,19.25115207,19.25115207,0.7683033495,03/22/2024,r5_E1_7_20,997.77,0.001,0.0728,"E, W",E,W,NRND,350,1079,0.002425325517,0.755073478,0.4448887345,21.19927717,2.564102564
123,r123,3,97.94122645,staggered,2,Pink JG20-1.0HP (ID: 0.024''; OD: 0.036'') - 1.5'',E1_7_1,horizontal,standard,3,https://liveutk-my.sharepoint.com/:i:/r/personal/grible_vols_utk_edu/Documents/Fur%20Wetting/Experiments/h1_E2_3_1/camerasettingshydrophoc4-7.PNG?csf=1&web=1&e=wCtXFs,https://liveutk-my.sharepoint.com/:i:/r/personal/grible_vols_utk_edu/Documents/Fur%20Wetting/Experiments/r1_E1_3_1/20220207_145306000_iOS.jpg?csf=1&web=1&e=mZ21tB,Zack Morgan,20.6,2.669902913,2.669902913,4.223300971,4.951456311,0.7832891382,2.763926157,0,0,22.11097664,44,0.1348108524,1.213592233,0.5339805825,0,12.82258065,19.3202765,20.21889401,20.21889401,1.445889661,03/22/2024,r5_E1_7_21,997.77,0.001,0.0728,"E, W",E,W,DLRS,350,1079,0.002763926157,0.755073478,0.3903866958,23.24179718,3.009708738
124,r124,3,50,staggered,2,Pink JG20-1.0HP (ID: 0.024''; OD: 0.036'') - 1.5'',E1_8.1_sb,horizontal,standard,1,https://liveutk-my.sharepoint.com/:i:/r/personal/grible_vols_utk_edu/Documents/Fur%20Wetting/Experiments/h1_E2_3_1/camerasettingshydrophoc4-7.PNG?csf=1&web=1&e=wCtXFs,https://liveutk-my.sharepoint.com/:i:/r/personal/grible_vols_utk_edu/Documents/Fur%20Wetting/Experiments/r1_E1_3_1/20220207_145306000_iOS.jpg?csf=1&web=1&e=mZ21tB,Zack Morgan,24.6,4.552845528,4.756097561,3.699186992,4.593495935,0.7838918932,2.615254855,0.325203252,0,18.21049061,40,0.1166467472,1.422764228,1.056910569,,30.1843318,29.8156682,28.15668203,30.1843318,2.09459589,03/22/2024,r5_E1_8_19,997.77,0.001,0.0728,"D, i",D,i,BE,350,1650,0.002615254855,0.825,0.6309136552,22.02548224,2.276422764
125,r125,3,50,staggered,2,Pink JG20-1.0HP (ID: 0.024''; OD: 0.036'') - 1.5'',E1_8.1_sb,horizontal,standard,2,https://liveutk-my.sharepoint.com/:i:/r/personal/grible_vols_utk_edu/Documents/Fur%20Wetting/Experiments/h1_E2_3_1/camerasettingshydrophoc4-7.PNG?csf=1&web=1&e=wCtXFs,https://liveutk-my.sharepoint.com/:i:/r/personal/grible_vols_utk_edu/Documents/Fur%20Wetting/Experiments/r1_E1_3_1/20220207_145306000_iOS.jpg?csf=1&web=1&e=mZ21tB,Zack Morgan,23.8,4.663865546,4.789915966,4.201680672,4.579831933,0.7798289191,2.69331384,0,0,20.3402184,52,0.1619408979,1.974789916,0.08403361345,,24.62557604,32.609447,36.23847926,36.23847926,3.839651511,03/22/2024,r5_E1_8_20,997.77,0.001,0.0728,"D, i",D,i,i,350,1650,0.00269331384,0.825,0.6126281964,22.44836413,2.226890756
126,r126,3,50,staggered,2,Pink JG20-1.0HP (ID: 0.024''; OD: 0.036'') - 1.5'',E1_8.1_sb,horizontal,standard,3,https://liveutk-my.sharepoint.com/:i:/r/personal/grible_vols_utk_edu/Documents/Fur%20Wetting/Experiments/h1_E2_3_1/camerasettingshydrophoc4-7.PNG?csf=1&web=1&e=wCtXFs,https://liveutk-my.sharepoint.com/:i:/r/personal/grible_vols_utk_edu/Documents/Fur%20Wetting/Experiments/r1_E1_3_1/20220207_145306000_iOS.jpg?csf=1&web=1&e=mZ21tB,Zack Morgan,24.2,4.710743802,5.041322314,4.628099174,5.123966942,0.7932189982,2.702411515,0,0,20.66726776,63,0.004998308868,2.190082645,0.0826446281,0,16.97580645,23.42741935,21.65322581,23.42741935,4.47713514,03/22/2024,r5_E1_8_21,997.77,0.001,0.0728,"D, i",D,i,BE,350,1650,0.002702411515,0.825,0.610565782,23.30433743,2.438016529
172,r172,4,162.0324049,staggered,2,Pink JG20-1.0HP (ID: 0.024''; OD: 0.036'') - 1.5'',E1_6_1,horizontal,standard,1,https://liveutk-my.sharepoint.com/:i:/r/personal/grible_vols_utk_edu/Documents/Fur%20Wetting/Experiments/h1_E2_3_1/camerasettingshydrophoc4-7.PNG?csf=1&web=1&e=wCtXFs,https://liveutk-my.sharepoint.com/:i:/r/personal/grible_vols_utk_edu/Documents/Fur%20Wetting/Experiments/r1_E1_3_1/20220207_145306000_iOS.jpg?csf=1&web=1&e=mZ21tB,Gina Shome,24.4,2.008196721,2.008196721,5.368852459,6.43442623,1.505809764,2.53137853,0.04098360656,0.04098360656,16.98634322,90,0.0399436679,1.229508197,0,4.10E-02,0.1555299539,16.77995392,7.275345622,,1.586286941,06/01/2024,r5_E1_6_28,997.77,0.001,0.0728,"E, W",E,W,NR,350,761,0.00253137853,0.6849684968,0.3006267103,78.66768544,4.139344262
173,r173,4,162.0324049,staggered,2,Pink JG20-1.0HP (ID: 0.024''; OD: 0.036'') - 1.5'',E1_6_1,horizontal,standard,2,https://liveutk-my.sharepoint.com/:i:/r/personal/grible_vols_utk_edu/Documents/Fur%20Wetting/Experiments/h1_E2_3_1/camerasettingshydrophoc4-7.PNG?csf=1&web=1&e=wCtXFs,https://liveutk-my.sharepoint.com/:i:/r/personal/grible_vols_utk_edu/Documents/Fur%20Wetting/Experiments/r1_E1_3_1/20220207_145306000_iOS.jpg?csf=1&web=1&e=mZ21tB,Gina Shome,24.8,1.975806452,1.975806452,5.040322581,6.370967742,1.476906158,2.489643252,0.04032258065,0.04032258065,16.15994873,90,0.03917473859,0.9274193548,-0.04032258065,4.03E-02,1.538018433,12.01036866,2.8859447,,1.581919988,06/01/2024,r5_E1_6_29,997.77,0.001,0.0728,"E, W",E,W,NR,350,761,0.002489643252,0.6849684968,0.3056662835,74.42896596,4.112903226
174,r174,4,162.0324049,staggered,2,Pink JG20-1.0HP (ID: 0.024''; OD: 0.036'') - 1.5'',E1_6_1,horizontal,standard,3,https://liveutk-my.sharepoint.com/:i:/r/personal/grible_vols_utk_edu/Documents/Fur%20Wetting/Experiments/h1_E2_3_1/camerasettingshydrophoc4-7.PNG?csf=1&web=1&e=wCtXFs,https://liveutk-my.sharepoint.com/:i:/r/personal/grible_vols_utk_edu/Documents/Fur%20Wetting/Experiments/r1_E1_3_1/20220207_145306000_iOS.jpg?csf=1&web=1&e=mZ21tB,Gina Shome,25.2,1.944444444,1.944444444,5.158730159,6.349206349,1.471445221,2.532505858,0,0,17.0090475,93,0.1620859264,1.388888889,0,0.00E+00,1.399769585,11.18087558,2.505760369,,1.549395793,06/01/2024,r5_E1_6_30,997.77,0.001,0.0728,"E, W",E,W,NR,350,761,0.002532505858,0.6849684968,0.3004928883,75.15151131,3.76984127
175,r175,4,97.94122645,staggered,2,Pink JG20-1.0HP (ID: 0.024''; OD: 0.036'') - 1.5'',E1_7_1,horizontal,standard,1,https://liveutk-my.sharepoint.com/:i:/r/personal/grible_vols_utk_edu/Documents/Fur%20Wetting/Experiments/h1_E2_3_1/camerasettingshydrophoc4-7.PNG?csf=1&web=1&e=wCtXFs,https://liveutk-my.sharepoint.com/:i:/r/personal/grible_vols_utk_edu/Documents/Fur%20Wetting/Experiments/r1_E1_3_1/20220207_145306000_iOS.jpg?csf=1&web=1&e=mZ21tB,Gina Shome,22.8,4.51754386,4.51754386,4.429824561,5.657894737,1.493389213,2.826503103,0,0,23.64705262,271,0.1907210133,1.578947368,-0.2631578947,0.00E+00,8.041474654,10.89861751,1.6359447,,1.699654069,06/01/2024,r5_E1_7_28,997.77,0.001,0.0728,"E, W",E,W,NR,350,1079,0.002826503103,0.755073478,0.3817437875,86.3961817,2.850877193
176,r176,4,97.94122645,staggered,2,Pink JG20-1.0HP (ID: 0.024''; OD: 0.036'') - 1.5'',E1_7_1,horizontal,standard,2,https://liveutk-my.sharepoint.com/:i:/r/personal/grible_vols_utk_edu/Documents/Fur%20Wetting/Experiments/h1_E2_3_1/camerasettingshydrophoc4-7.PNG?csf=1&web=1&e=wCtXFs,https://liveutk-my.sharepoint.com/:i:/r/personal/grible_vols_utk_edu/Documents/Fur%20Wetting/Experiments/r1_E1_3_1/20220207_145306000_iOS.jpg?csf=1&web=1&e=mZ21tB,Will Stallions,29.4,4.149659864,4.149659864,3.911564626,4.659863946,1.431068931,2.62029833,0,0,18.83999738,22,0.1426368931,1.12244898,0,,5.322580645,24.40092166,15.69124424,24.40092166,1.638441984,01/11/2024,r5_E1_7_29,997.77,0.001,0.0728,"E, W",E,W,NR,350,1079,0.00262029833,0.755073478,0.4117851726,73.54800702,2.789115646
177,r177,4,97.94122645,staggered,2,Pink JG20-1.0HP (ID: 0.024''; OD: 0.036'') - 1.5'',E1_7_1,horizontal,standard,3,https://liveutk-my.sharepoint.com/:i:/r/personal/grible_vols_utk_edu/Documents/Fur%20Wetting/Experiments/h1_E2_3_1/camerasettingshydrophoc4-7.PNG?csf=1&web=1&e=wCtXFs,https://liveutk-my.sharepoint.com/:i:/r/personal/grible_vols_utk_edu/Documents/Fur%20Wetting/Experiments/r1_E1_3_1/20220207_145306000_iOS.jpg?csf=1&web=1&e=mZ21tB,Will Stallions,29.2,3.390410959,3.493150685,4.280821918,4.691780822,1.462629836,2.635559969,0,0,19.17111294,22,0.1042855135,2.123287671,-0.2397260274,0,12.09677419,26.05990783,16.24423963,26.05990783,1.294906202,01/11/2024,r5_E1_7_30,997.77,0.001,0.0728,"D, W",D,W,JLRS,350,1079,0.002635559969,0.755073478,0.4094006635,77.27532168,2.157534247
178,r178,4,50,staggered,2,Pink JG20-1.0HP (ID: 0.024''; OD: 0.036'') - 1.5'',E1_8.1_sb,horizontal,standard,1,https://liveutk-my.sharepoint.com/:i:/r/personal/grible_vols_utk_edu/Documents/Fur%20Wetting/Experiments/h1_E2_3_1/camerasettingshydrophoc4-7.PNG?csf=1&web=1&e=wCtXFs,https://liveutk-my.sharepoint.com/:i:/r/personal/grible_vols_utk_edu/Documents/Fur%20Wetting/Experiments/r1_E1_3_1/20220207_145306000_iOS.jpg?csf=1&web=1&e=mZ21tB,Gina Shome,27.2,7.830882353,8.860294118,4.411764706,4.742647059,1.422005376,2.629020404,0,0,19.02875998,151,0.09950191995,0.4044117647,0.1102941176,0.00E+00,7.217741935,31.08870968,2.217741935,,23.31123569,06/04/2024,r5_E1_8.1_28,997.77,0.001,0.0728,"E, W",E,W,ii,350,1650,0.002629020404,0.825,0.6276101918,72.86106178,4.007352941
179,r179,4,50,staggered,2,Pink JG20-1.0HP (ID: 0.024''; OD: 0.036'') - 1.5'',E1_8.1_sb,horizontal,standard,2,https://liveutk-my.sharepoint.com/:i:/r/personal/grible_vols_utk_edu/Documents/Fur%20Wetting/Experiments/h1_E2_3_1/camerasettingshydrophoc4-7.PNG?csf=1&web=1&e=wCtXFs,https://liveutk-my.sharepoint.com/:i:/r/personal/grible_vols_utk_edu/Documents/Fur%20Wetting/Experiments/r1_E1_3_1/20220207_145306000_iOS.jpg?csf=1&web=1&e=mZ21tB,Will Stallions,31.4,8.662420382,8.662420382,3.662420382,4.267515924,1.427820913,2.51990221,0.1592356688,0,2.094544991,30,0.1087724958,0.8598726115,0.9872611465,-6.07E+01,24.59677419,52.5,4.919354839,,6.672991736,01/11/2024,r5_E1_8_29,997.77,0.001,0.0728,"D, PDF",D,PDF,PDF,350,1650,0.00251990221,0.825,0.6547873141,70.40933256,2.802547771
180,r180,4,50,staggered,2,Pink JG20-1.0HP (ID: 0.024''; OD: 0.036'') - 1.5'',E1_8.1_sb,horizontal,standard,3,https://liveutk-my.sharepoint.com/:i:/r/personal/grible_vols_utk_edu/Documents/Fur%20Wetting/Experiments/h1_E2_3_1/camerasettingshydrophoc4-7.PNG?csf=1&web=1&e=wCtXFs,https://liveutk-my.sharepoint.com/:i:/r/personal/grible_vols_utk_edu/Documents/Fur%20Wetting/Experiments/r1_E1_3_1/20220207_145306000_iOS.jpg?csf=1&web=1&e=mZ21tB,Will Stallions,30.4,8.782894737,8.782894737,3.782894737,4.407894737,1.416728139,2.6062815,0.09868421053,0,2.317408499,32,0.1157291788,0.8881578947,0.8552631579,-5.98E+01,15.72580645,57.98387097,7.338709677,,7.219400309,01/11/2024,r5_E1_8_30,997.77,0.001,0.0728,"D, PDF",D,PDF,PDF,350,1650,0.0026062815,0.825,0.6330858735,71.6957519,2.894736842
28,r28,1,162.0324049,staggered,2,Pink JG20-1.0HP (ID: 0.024''; OD: 0.036'') - 1.5'',E1_6_1,horizontal,front facing up,1,https://liveutk-my.sharepoint.com/:i:/r/personal/grible_vols_utk_edu/Documents/Fur%20Wetting/Experiments/h1_E2_3_1/camerasettingshydrophoc4-7.PNG?csf=1&web=1&e=wCtXFs,https://liveutk-my.sharepoint.com/:i:/r/personal/grible_vols_utk_edu/Documents/Fur%20Wetting/Experiments/r1_E1_3_1/20220207_145306000_iOS.jpg?csf=1&web=1&e=mZ21tB,Agustin Soto,31,1.580645161,1.580645161,9.612903226,9.736842105,0.2271601382,2.588313469,0.1612903226,0.1612903226,11.08416487,273,0.02996550866,5.870967742,0.6451612903,,7.951612903,7.338709677,7.596774194,7.951612903,5.733899395,04/13/2023,r5_E1_6_4,997.77,0.001,0.0728,"D, W",D,W,JLRS,350,761,0.002588313469,0.6849684968,0.2940138469,1.830544047,3.741935484
29,r29,1,162.0324049,staggered,2,Pink JG20-1.0HP (ID: 0.024''; OD: 0.036'') - 1.5'',E1_6_1,horizontal,front facing up,2,https://liveutk-my.sharepoint.com/:i:/r/personal/grible_vols_utk_edu/Documents/Fur%20Wetting/Experiments/h1_E2_3_1/camerasettingshydrophoc4-7.PNG?csf=1&web=1&e=wCtXFs,https://liveutk-my.sharepoint.com/:i:/r/personal/grible_vols_utk_edu/Documents/Fur%20Wetting/Experiments/r1_E1_3_1/20220207_145306000_iOS.jpg?csf=1&web=1&e=mZ21tB,Agustin Soto,31,1.129032258,1.129032258,7.903225806,7.903225806,0.2231160457,2.647299749,0.4838709677,0.4516129032,13.53667706,325,0.09418332348,3.35483871,0.06451612903,,5.709677419,6.953917051,6.926267281,6.953917051,6.742449041,04/13/2023,r5_E1_6_5,997.77,0.001,0.0728,"D, W",D,W,DLRD,350,761,0.002647299749,0.6849684968,0.2874627251,1.806191481,4.548387097
30,r30,1,162.0324049,staggered,2,Pink JG20-1.0HP (ID: 0.024''; OD: 0.036'') - 1.5'',E1_6_1,horizontal,front facing up,3,https://liveutk-my.sharepoint.com/:i:/r/personal/grible_vols_utk_edu/Documents/Fur%20Wetting/Experiments/h1_E2_3_1/camerasettingshydrophoc4-7.PNG?csf=1&web=1&e=wCtXFs,https://liveutk-my.sharepoint.com/:i:/r/personal/grible_vols_utk_edu/Documents/Fur%20Wetting/Experiments/r1_E1_3_1/20220207_145306000_iOS.jpg?csf=1&web=1&e=mZ21tB,Agustin Soto,30.2,1.158940397,1.589403974,7.913907285,7.947019868,0.2232961575,2.756172138,0.7284768212,0.4966887417,9.296180595,306,5.90E-02,3.443708609,0.03311258278,,6.5,8.5,10.14516129,10.14516129,8.236704704,04/13/2023,r5_E1_6_6,997.77,0.001,0.0728,"D, W",D,W,DLRD,350,761,0.002756172138,0.6849684968,0.2761075731,1.883509869,4.470198675
31,r31,1,97.94122645,staggered,2,Pink JG20-1.0HP (ID: 0.024''; OD: 0.036'') - 1.5'',E1_7_1,horizontal,front facing up,1,https://liveutk-my.sharepoint.com/:i:/r/personal/grible_vols_utk_edu/Documents/Fur%20Wetting/Experiments/h1_E2_3_1/camerasettingshydrophoc4-7.PNG?csf=1&web=1&e=wCtXFs,https://liveutk-my.sharepoint.com/:i:/r/personal/grible_vols_utk_edu/Documents/Fur%20Wetting/Experiments/r1_E1_3_1/20220207_145306000_iOS.jpg?csf=1&web=1&e=mZ21tB,Zack Morgan,23,1.956521739,1.956521739,5.652173913,5.695652174,0.5628077686,2.78531043,0.1304347826,0,22.62817007,73,0.1622150801,1.956521739,0.6956521739,,1.065668203,3.773041475,7.286866359,7.286866359,1.616502814,03/19/2024,r5_E1_7_4,997.77,0.001,0.0728,"E, W",E,W,DLRS,350,1079,0.00278531043,0.755073478,0.3873894947,12.09185233,3.695652174
32,r32,1,97.94122645,staggered,2,Pink JG20-1.0HP (ID: 0.024''; OD: 0.036'') - 1.5'',E1_7_1,horizontal,front facing up,2,https://liveutk-my.sharepoint.com/:i:/r/personal/grible_vols_utk_edu/Documents/Fur%20Wetting/Experiments/h1_E2_3_1/camerasettingshydrophoc4-7.PNG?csf=1&web=1&e=wCtXFs,https://liveutk-my.sharepoint.com/:i:/r/personal/grible_vols_utk_edu/Documents/Fur%20Wetting/Experiments/r1_E1_3_1/20220207_145306000_iOS.jpg?csf=1&web=1&e=mZ21tB,Zack Morgan,22.6,2.03539823,2.03539823,5.132743363,5.398230088,0.5625474083,2.851030148,0,0,24.26800341,67,0.1405884529,1.061946903,0.7079646018,,1.762672811,5.288018433,3.587557604,5.288018433,0.8550261869,03/19/2024,r5_E1_7_5,997.77,0.001,0.0728,"E, W",E,W,DLRS,350,1079,0.002851030148,0.755073478,0.3784596949,12.36571204,4.07079646
33,r33,1,97.94122645,staggered,2,Pink JG20-1.0HP (ID: 0.024''; OD: 0.036'') - 1.5'',E1_7_1,horizontal,front facing up,3,https://liveutk-my.sharepoint.com/:i:/r/personal/grible_vols_utk_edu/Documents/Fur%20Wetting/Experiments/h1_E2_3_1/camerasettingshydrophoc4-7.PNG?csf=1&web=1&e=wCtXFs,https://liveutk-my.sharepoint.com/:i:/r/personal/grible_vols_utk_edu/Documents/Fur%20Wetting/Experiments/r1_E1_3_1/20220207_145306000_iOS.jpg?csf=1&web=1&e=mZ21tB,Zack Morgan,23.2,1.25,1.293103448,5.344827586,5.603448276,0.5847782901,2.772799269,0,0,22.32461153,61,0.1291512087,1.379310345,-0.08620689655,,3.753456221,8.025345622,3.753456221,8.025345622,1.195089627,03/19/2024,r5_E1_7_6,997.77,0.001,0.0728,"D, W",D,W,DLRS,350,1079,0.002772799269,0.755073478,0.3891374367,12.99570892,3.965517241
34,r34,1,50,staggered,2,Pink JG20-1.0HP (ID: 0.024''; OD: 0.036'') - 1.5'',E1_8_1,horizontal,front facing up,1,https://liveutk-my.sharepoint.com/:i:/r/personal/grible_vols_utk_edu/Documents/Fur%20Wetting/Experiments/h1_E2_3_1/camerasettingshydrophoc4-7.PNG?csf=1&web=1&e=wCtXFs,https://liveutk-my.sharepoint.com/:i:/r/personal/grible_vols_utk_edu/Documents/Fur%20Wetting/Experiments/r1_E1_3_1/20220207_145306000_iOS.jpg?csf=1&web=1&e=mZ21tB,Agustin Soto,30.2,2.748344371,2.748344371,4.933774834,5.397350993,0.2312714893,2.861784557,0,0,24.5436656,127,0.0705057391,2.218543046,0.8940397351,,4.244239631,8.30875576,11.32258065,11.32258065,1.077516422,04/13/2023,r5_E1_8_6,997.77,0.001,0.0728,"E, W",E,W,DLRS,350,1650,0.002861784557,0.825,0.5765633182,2.097877825,2.715231788
35,r35,1,50,staggered,2,Pink JG20-1.0HP (ID: 0.024''; OD: 0.036'') - 1.5'',E1_8_1,horizontal,front facing up,2,https://liveutk-my.sharepoint.com/:i:/r/personal/grible_vols_utk_edu/Documents/Fur%20Wetting/Experiments/h1_E2_3_1/camerasettingshydrophoc4-7.PNG?csf=1&web=1&e=wCtXFs,https://liveutk-my.sharepoint.com/:i:/r/personal/grible_vols_utk_edu/Documents/Fur%20Wetting/Experiments/r1_E1_3_1/20220207_145306000_iOS.jpg?csf=1&web=1&e=mZ21tB,Agustin Soto,29.2,3.45890411,3.801369863,4.280821918,5.034246575,0.2517217131,2.910764731,0.06849315068,0.03424657534,25.82557087,126,0.07544114079,0.9246575342,1.198630137,,,,,,,04/13/2023,r5_E1_8_7,997.77,0.001,0.0728,"E, W",E,W,DLRS,350,1650,0.002910764731,0.825,0.5668613413,2.527828023,3.356164384
36,r36,1,50,staggered,2,Pink JG20-1.0HP (ID: 0.024''; OD: 0.036'') - 1.5'',E1_8_1,horizontal,front facing up,3,https://liveutk-my.sharepoint.com/:i:/r/personal/grible_vols_utk_edu/Documents/Fur%20Wetting/Experiments/h1_E2_3_1/camerasettingshydrophoc4-7.PNG?csf=1&web=1&e=wCtXFs,https://liveutk-my.sharepoint.com/:i:/r/personal/grible_vols_utk_edu/Documents/Fur%20Wetting/Experiments/r1_E1_3_1/20220207_145306000_iOS.jpg?csf=1&web=1&e=mZ21tB,Agustin Soto,29.2,2.910958904,2.910958904,4.48630137,5.068493151,0.2449755112,2.931335795,0,0,26.37699589,122,0.07537756043,1.198630137,0.5136986301,,,,,,,04/13/2023,r5_E1_8_8,997.77,0.001,0.0728,"E, W",E,W,DLRS,350,1650,0.002931335795,0.825,0.5628833117,2.411070886,3.287671233
82,r82,2,162.0324049,staggered,2,Pink JG20-1.0HP (ID: 0.024''; OD: 0.036'') - 1.5'',E1_6_1,horizontal,front facing up,1,https://liveutk-my.sharepoint.com/:i:/r/personal/grible_vols_utk_edu/Documents/Fur%20Wetting/Experiments/h1_E2_3_1/camerasettingshydrophoc4-7.PNG?csf=1&web=1&e=wCtXFs,https://liveutk-my.sharepoint.com/:i:/r/personal/grible_vols_utk_edu/Documents/Fur%20Wetting/Experiments/r1_E1_3_1/20220207_145306000_iOS.jpg?csf=1&web=1&e=mZ21tB,Zack Morgan,24.6,3.008130081,3.089430894,4.552845528,4.959349593,0.718965821,2.702007632,0,0,19.18369932,66,0.2561135414,-0.8130081301,-0.08130081301,0,1.238479263,4.521889401,3.888248848,,1.825009971,03/19/2024,r5_E1_6_13,997.77,0.001,0.0728,"E, W",E,W,DLRS,350,761,0.002702007632,0.6849684968,0.2816424317,19.14265286,5.365853659
83,r83,2,162.0324049,staggered,2,Pink JG20-1.0HP (ID: 0.024''; OD: 0.036'') - 1.5'',E1_6_1,horizontal,front facing up,2,https://liveutk-my.sharepoint.com/:i:/r/personal/grible_vols_utk_edu/Documents/Fur%20Wetting/Experiments/h1_E2_3_1/camerasettingshydrophoc4-7.PNG?csf=1&web=1&e=wCtXFs,https://liveutk-my.sharepoint.com/:i:/r/personal/grible_vols_utk_edu/Documents/Fur%20Wetting/Experiments/r1_E1_3_1/20220207_145306000_iOS.jpg?csf=1&web=1&e=mZ21tB,Zack Morgan,24.9,1.204819277,1.606425703,0.281124498,4.0562249,0.7235540402,2.579993664,0,0,17.76579872,40,0.4090172066,-4.859437751,-1.686746988,0,2.908986175,6.42281106,4.118663594,,0.3739306549,03/19/2024,r5_E1_6_14,997.77,0.001,0.0728,"E, W",E,W,DLRS,350,761,0.002579993664,0.6849684968,0.2949619647,18.5122688,5.140562249
84,r84,2,162.0324049,staggered,2,Pink JG20-1.0HP (ID: 0.024''; OD: 0.036'') - 1.5'',E1_6_1,horizontal,front facing up,3,https://liveutk-my.sharepoint.com/:i:/r/personal/grible_vols_utk_edu/Documents/Fur%20Wetting/Experiments/h1_E2_3_1/camerasettingshydrophoc4-7.PNG?csf=1&web=1&e=wCtXFs,https://liveutk-my.sharepoint.com/:i:/r/personal/grible_vols_utk_edu/Documents/Fur%20Wetting/Experiments/r1_E1_3_1/20220207_145306000_iOS.jpg?csf=1&web=1&e=mZ21tB,Zack Morgan,23.4,1.666666667,1.666666667,5.769230769,6.239316239,0.747811132,2.718054253,0,0,21.02824273,65,0.06777443489,1.837606838,-0.9401709402,0,25.6624424,22.44815668,3.991935484,,1.65076425,03/19/2024,r5_E1_6_15,997.77,0.001,0.0728,"E, W",E,W,DLRS,350,761,0.002718054253,0.6849684968,0.2799796947,20.83248296,3.931623932
85,r85,2,97.94122645,staggered,2,Pink JG20-1.0HP (ID: 0.024''; OD: 0.036'') - 1.5'',E1_7_1,horizontal,front facing up,1,https://liveutk-my.sharepoint.com/:i:/r/personal/grible_vols_utk_edu/Documents/Fur%20Wetting/Experiments/h1_E2_3_1/camerasettingshydrophoc4-7.PNG?csf=1&web=1&e=wCtXFs,https://liveutk-my.sharepoint.com/:i:/r/personal/grible_vols_utk_edu/Documents/Fur%20Wetting/Experiments/r1_E1_3_1/20220207_145306000_iOS.jpg?csf=1&web=1&e=mZ21tB,Zack Morgan,24.2,1.900826446,2.231404959,4.297520661,4.917355372,0.7365253324,2.556946672,0,0,17.50627027,46,1.26E-01,1.157024793,0.04132231405,0,4.798387097,13.34677419,4.637096774,13.34677419,1.728292593,03/19/2024,r5_E1_7_13,997.77,0.001,0.0728,"E, W",E,W,DLRS,350,1079,0.002556946672,0.755073478,0.4219876824,19.01061254,3.140495868
86,r86,2,97.94122645,staggered,2,Pink JG20-1.0HP (ID: 0.024''; OD: 0.036'') - 1.5'',E1_7_1,horizontal,front facing up,2,https://liveutk-my.sharepoint.com/:i:/r/personal/grible_vols_utk_edu/Documents/Fur%20Wetting/Experiments/h1_E2_3_1/camerasettingshydrophoc4-7.PNG?csf=1&web=1&e=wCtXFs,https://liveutk-my.sharepoint.com/:i:/r/personal/grible_vols_utk_edu/Documents/Fur%20Wetting/Experiments/r1_E1_3_1/20220207_145306000_iOS.jpg?csf=1&web=1&e=mZ21tB,Zack Morgan,24.4,1.844262295,1.844262295,4.713114754,4.754098361,0.7061124382,2.604340254,0,0,18.49787282,54,0.1137917658,1.721311475,-0.04098360656,0,1.140552995,13.92857143,4.52764977,13.92857143,1.717150988,03/19/2024,r5_E1_7_14,997.77,0.001,0.0728,"E, W",E,W,DLRS,350,1079,0.002604340254,0.755073478,0.4143083832,17.79690613,2.991803279
87,r87,2,97.94122645,staggered,2,Pink JG20-1.0HP (ID: 0.024''; OD: 0.036'') - 1.5'',E1_7_1,horizontal,front facing up,3,https://liveutk-my.sharepoint.com/:i:/r/personal/grible_vols_utk_edu/Documents/Fur%20Wetting/Experiments/h1_E2_3_1/camerasettingshydrophoc4-7.PNG?csf=1&web=1&e=wCtXFs,https://liveutk-my.sharepoint.com/:i:/r/personal/grible_vols_utk_edu/Documents/Fur%20Wetting/Experiments/r1_E1_3_1/20220207_145306000_iOS.jpg?csf=1&web=1&e=mZ21tB,Zack Morgan,23,1.956521739,1.956521739,4.739130435,5.086956522,0.7522310273,2.771038612,0,0,19.4087307,41,0.0879936413,1.695652174,0.04347826087,0,1.468894009,14.4297235,4.925115207,14.4297235,0.8143852895,03/19/2024,r5_E1_7_15,997.77,0.001,0.0728,"E, W",E,W,DLRS,350,1079,0.002771038612,0.755073478,0.3893846861,21.49038152,3.043478261
88,r88,2,50,staggered,2,Pink JG20-1.0HP (ID: 0.024''; OD: 0.036'') - 1.5'',E1_8_1,horizontal,front facing up,1,https://liveutk-my.sharepoint.com/:i:/r/personal/grible_vols_utk_edu/Documents/Fur%20Wetting/Experiments/h1_E2_3_1/camerasettingshydrophoc4-7.PNG?csf=1&web=1&e=wCtXFs,https://liveutk-my.sharepoint.com/:i:/r/personal/grible_vols_utk_edu/Documents/Fur%20Wetting/Experiments/r1_E1_3_1/20220207_145306000_iOS.jpg?csf=1&web=1&e=mZ21tB,Zack Morgan,21,3.761904762,3.761904762,3.80952381,4.571428571,0.7426982361,2.602827491,0.2380952381,0,18.46565738,52,0.06524387605,1.19047619,0.619047619,,3.214285714,12.33870968,7.84562212,12.33870968,1.807171436,03/22/2024,r5_E1_8_13,997.77,0.001,0.0728,"E, i",E,i,i,350,1650,0.002602827491,0.825,0.6339259923,19.67746881,2.619047619
89,r89,2,50,staggered,2,Pink JG20-1.0HP (ID: 0.024''; OD: 0.036'') - 1.5'',E1_8_1,horizontal,front facing up,2,https://liveutk-my.sharepoint.com/:i:/r/personal/grible_vols_utk_edu/Documents/Fur%20Wetting/Experiments/h1_E2_3_1/camerasettingshydrophoc4-7.PNG?csf=1&web=1&e=wCtXFs,https://liveutk-my.sharepoint.com/:i:/r/personal/grible_vols_utk_edu/Documents/Fur%20Wetting/Experiments/r1_E1_3_1/20220207_145306000_iOS.jpg?csf=1&web=1&e=mZ21tB,Zack Morgan,20.2,3.96039604,3.96039604,4.455445545,4.702970297,0.7221952538,2.801988201,0.1485148515,0,23.03708498,66,0.1077836051,1.881188119,1.03960396,,4.18202765,16.48617512,5.771889401,16.48617512,1.202804679,03/22/2024,r5_E1_8_14,997.77,0.001,0.0728,"E, W",E,W,i,350,1650,0.002801988201,0.825,0.5888675761,20.0297083,2.574257426
90,r90,2,50,staggered,2,Pink JG20-1.0HP (ID: 0.024''; OD: 0.036'') - 1.5'',E1_8_1,horizontal,front facing up,3,https://liveutk-my.sharepoint.com/:i:/r/personal/grible_vols_utk_edu/Documents/Fur%20Wetting/Experiments/h1_E2_3_1/camerasettingshydrophoc4-7.PNG?csf=1&web=1&e=wCtXFs,https://liveutk-my.sharepoint.com/:i:/r/personal/grible_vols_utk_edu/Documents/Fur%20Wetting/Experiments/r1_E1_3_1/20220207_145306000_iOS.jpg?csf=1&web=1&e=mZ21tB,Zack Morgan,20.6,4.805825243,4.805825243,3.980582524,4.902912621,0.7278015801,2.743239135,0.1941747573,0,21.61820452,61,0.03791167454,1.796116505,1.310679612,,3.629032258,14.06682028,6.80875576,14.06682028,1.591844264,03/22/2024,r5_E1_8_15,997.77,0.001,0.0728,"E, i",E,i,i,350,1650,0.002743239135,0.825,0.6014787333,19.91538555,2.184466019
136,r136,3,162.0324049,staggered,2,Pink JG20-1.0HP (ID: 0.024''; OD: 0.036'') - 1.5'',E1_6_1,horizontal,front facing up,1,https://liveutk-my.sharepoint.com/:i:/r/personal/grible_vols_utk_edu/Documents/Fur%20Wetting/Experiments/h1_E2_3_1/camerasettingshydrophoc4-7.PNG?csf=1&web=1&e=wCtXFs,https://liveutk-my.sharepoint.com/:i:/r/personal/grible_vols_utk_edu/Documents/Fur%20Wetting/Experiments/r1_E1_3_1/20220207_145306000_iOS.jpg?csf=1&web=1&e=mZ21tB,Zack Morgan,21.2,1.981132075,1.981132075,4.858490566,5.235849057,0.7723983201,2.744601826,0,0,20.61644198,32,0.1683561987,1.320754717,0.3773584906,0,4.982718894,8.496543779,5.501152074,8.496543779,0.9066146458,03/22/2024,r5_E1_6_22,997.77,0.001,0.0728,"E, W",E,W,JLRS,350,761,0.002744601826,0.6849684968,0.2772715491,22.44197383,3.537735849
137,r137,3,162.0324049,staggered,2,Pink JG20-1.0HP (ID: 0.024''; OD: 0.036'') - 1.5'',E1_6_1,horizontal,front facing up,2,https://liveutk-my.sharepoint.com/:i:/r/personal/grible_vols_utk_edu/Documents/Fur%20Wetting/Experiments/h1_E2_3_1/camerasettingshydrophoc4-7.PNG?csf=1&web=1&e=wCtXFs,https://liveutk-my.sharepoint.com/:i:/r/personal/grible_vols_utk_edu/Documents/Fur%20Wetting/Experiments/r1_E1_3_1/20220207_145306000_iOS.jpg?csf=1&web=1&e=mZ21tB,Zack Morgan,21,2.047619048,2.047619048,5.047619048,5.333333333,0.7873278192,2.761619554,0,0,19.38695694,43,1.358298927,2.571428571,0.5714285714,0,5.841013825,7.983870968,4.52764977,7.983870968,0.8770803303,03/22/2024,r5_E1_6_23,997.77,0.001,0.0728,"E, W",E,W,JLRS,350,761,0.002761619554,0.6849684968,0.2755629387,23.46249027,2.476190476
138,r138,3,162.0324049,staggered,2,Pink JG20-1.0HP (ID: 0.024''; OD: 0.036'') - 1.5'',E1_6_1,horizontal,front facing up,3,https://liveutk-my.sharepoint.com/:i:/r/personal/grible_vols_utk_edu/Documents/Fur%20Wetting/Experiments/h1_E2_3_1/camerasettingshydrophoc4-7.PNG?csf=1&web=1&e=wCtXFs,https://liveutk-my.sharepoint.com/:i:/r/personal/grible_vols_utk_edu/Documents/Fur%20Wetting/Experiments/r1_E1_3_1/20220207_145306000_iOS.jpg?csf=1&web=1&e=mZ21tB,Zack Morgan,21,2,2,5.238095238,5.619047619,0.7822387647,2.796280767,0,0,22.89659725,43,0.1867741806,2.428571429,0.5238095238,0,6.25,6.307603687,5.155529954,6.307603687,1.662812081,03/22/2024,r5_E1_6_24,997.77,0.001,0.0728,"E, W",E,W,DLRS,350,761,0.002796280767,0.6849684968,0.2721472067,23.45084555,2.80952381
139,r139,3,97.94122645,staggered,2,Pink JG20-1.0HP (ID: 0.024''; OD: 0.036'') - 1.5'',E1_7_1,horizontal,front facing up,1,https://liveutk-my.sharepoint.com/:i:/r/personal/grible_vols_utk_edu/Documents/Fur%20Wetting/Experiments/h1_E2_3_1/camerasettingshydrophoc4-7.PNG?csf=1&web=1&e=wCtXFs,https://liveutk-my.sharepoint.com/:i:/r/personal/grible_vols_utk_edu/Documents/Fur%20Wetting/Experiments/r1_E1_3_1/20220207_145306000_iOS.jpg?csf=1&web=1&e=mZ21tB,Zack Morgan,21.4,1.962616822,2.38317757,4.439252336,5.23364486,0.772387812,2.643274604,0,0,18.10892705,52,0.01700732159,1.542056075,0.04672897196,0,11.89516129,21.97580645,18.42741935,21.97580645,0.8781242766,03/22/2024,r5_E1_7_22,997.77,0.001,0.0728,"E, W",E,W,JLRS,350,1079,0.002643274604,0.755073478,0.4082057908,21.61285651,2.897196262
140,r140,3,97.94122645,staggered,2,Pink JG20-1.0HP (ID: 0.024''; OD: 0.036'') - 1.5'',E1_7_1,horizontal,front facing up,2,https://liveutk-my.sharepoint.com/:i:/r/personal/grible_vols_utk_edu/Documents/Fur%20Wetting/Experiments/h1_E2_3_1/camerasettingshydrophoc4-7.PNG?csf=1&web=1&e=wCtXFs,https://liveutk-my.sharepoint.com/:i:/r/personal/grible_vols_utk_edu/Documents/Fur%20Wetting/Experiments/r1_E1_3_1/20220207_145306000_iOS.jpg?csf=1&web=1&e=mZ21tB,Zack Morgan,22.4,2.857142857,2.857142857,4.464285714,4.866071429,0.775672786,2.474803524,0,0,15.03764714,37,0.1950931896,1.785714286,0,0,18.66359447,22.99539171,23.1797235,23.1797235,0.9437978662,03/22/2024,r5_E1_7_23,997.77,0.001,0.0728,"E, W",E,W,DLRS,350,1079,0.002474803524,0.755073478,0.4359942069,20.40783329,2.678571429
141,r141,3,97.94122645,staggered,2,Pink JG20-1.0HP (ID: 0.024''; OD: 0.036'') - 1.5'',E1_7_1,horizontal,front facing up,3,https://liveutk-my.sharepoint.com/:i:/r/personal/grible_vols_utk_edu/Documents/Fur%20Wetting/Experiments/h1_E2_3_1/camerasettingshydrophoc4-7.PNG?csf=1&web=1&e=wCtXFs,https://liveutk-my.sharepoint.com/:i:/r/personal/grible_vols_utk_edu/Documents/Fur%20Wetting/Experiments/r1_E1_3_1/20220207_145306000_iOS.jpg?csf=1&web=1&e=mZ21tB,Zack Morgan,21.4,2.663551402,2.663551402,4.392523364,5.046728972,0.793348743,2.588739901,0,0,16.86629498,37,0.1529501588,1.261682243,0.7943925234,0,8.536866359,17.66129032,18.14516129,18.14516129,0.9439764732,03/22/2024,r5_E1_7_24,997.77,0.001,0.0728,"E, W",E,W,DLRS,350,1079,0.002588739901,0.755073478,0.4168051027,22.33138999,3.130841121
142,r142,3,50,staggered,2,Pink JG20-1.0HP (ID: 0.024''; OD: 0.036'') - 1.5'',E1_8.1_f,horizontal,front facing up,1,https://liveutk-my.sharepoint.com/:i:/r/personal/grible_vols_utk_edu/Documents/Fur%20Wetting/Experiments/h1_E2_3_1/camerasettingshydrophoc4-7.PNG?csf=1&web=1&e=wCtXFs,https://liveutk-my.sharepoint.com/:i:/r/personal/grible_vols_utk_edu/Documents/Fur%20Wetting/Experiments/r1_E1_3_1/20220207_145306000_iOS.jpg?csf=1&web=1&e=mZ21tB,Zack Morgan,23,4.739130435,4.739130435,4,4.52173913,0.8129183981,2.909366737,0,0,25.78837788,50,0.3156134932,0.8260869565,1,0,21.02534562,35.08064516,32.3156682,35.08064516,2.114645778,03/22/2024,r5_E1_8_22,997.77,0.001,0.0728,"D, i",D,i,i,350,1650,0.002909366737,0.825,0.5671337268,26.35065634,3.173913043
143,r143,3,50,staggered,2,Pink JG20-1.0HP (ID: 0.024''; OD: 0.036'') - 1.5'',E1_8.1_f,horizontal,front facing up,2,https://liveutk-my.sharepoint.com/:i:/r/personal/grible_vols_utk_edu/Documents/Fur%20Wetting/Experiments/h1_E2_3_1/camerasettingshydrophoc4-7.PNG?csf=1&web=1&e=wCtXFs,https://liveutk-my.sharepoint.com/:i:/r/personal/grible_vols_utk_edu/Documents/Fur%20Wetting/Experiments/r1_E1_3_1/20220207_145306000_iOS.jpg?csf=1&web=1&e=mZ21tB,Zack Morgan,23.8,4.579831933,5.084033613,3.907563025,4.74789916,0.8099238102,2.722832701,0.1260504202,0,21.13934329,55,0.0190988787,1.680672269,0.04201680672,,19.64861751,27.52880184,28.5656682,28.5656682,1.875241787,03/22/2024,r5_E1_8_23,997.77,0.001,0.0728,"D, i",D,i,i,350,1650,0.002722832701,0.825,0.6059865519,24.47982752,2.226890756
144,r144,3,50,staggered,2,Pink JG20-1.0HP (ID: 0.024''; OD: 0.036'') - 1.5'',E1_8.1_f,horizontal,front facing up,3,https://liveutk-my.sharepoint.com/:i:/r/personal/grible_vols_utk_edu/Documents/Fur%20Wetting/Experiments/h1_E2_3_1/camerasettingshydrophoc4-7.PNG?csf=1&web=1&e=wCtXFs,https://liveutk-my.sharepoint.com/:i:/r/personal/grible_vols_utk_edu/Documents/Fur%20Wetting/Experiments/r1_E1_3_1/20220207_145306000_iOS.jpg?csf=1&web=1&e=mZ21tB,Zack Morgan,22.4,4.910714286,5.357142857,3.883928571,4.598214286,0.810298394,2.935063516,0,0,26.47775321,72,0.06572694817,1.294642857,1.071428571,,23.50806452,25.52419355,26.57258065,26.57258065,1.868187755,03/22/2024,r5_E1_8_24,997.77,0.001,0.0728,"D, i",D,i,BE,350,1650,0.002935063516,0.825,0.5621684134,26.41231832,2.589285714
190,r190,4,162.0324049,staggered,2,Pink JG20-1.0HP (ID: 0.024''; OD: 0.036'') - 1.5'',E1_6_1,horizontal,front facing up,1,https://liveutk-my.sharepoint.com/:i:/r/personal/grible_vols_utk_edu/Documents/Fur%20Wetting/Experiments/h1_E2_3_1/camerasettingshydrophoc4-7.PNG?csf=1&web=1&e=wCtXFs,https://liveutk-my.sharepoint.com/:i:/r/personal/grible_vols_utk_edu/Documents/Fur%20Wetting/Experiments/r1_E1_3_1/20220207_145306000_iOS.jpg?csf=1&web=1&e=mZ21tB,Zackary Morgan,24.6,1.504065041,1.504065041,5.406504065,6.016260163,1.41237801,2.468868424,0.1219512195,0,15.75877496,35,0.3552391544,3.577235772,-0.08130081301,,2.678571429,9.418202765,7.171658986,9.418202765,2.192421532,01/26/2024,r5_E1_6_31,997.77,0.001,0.0728,"E, W",E,W,NR,350,761,0.002468868424,0.6849684968,0.3082383786,67.49924299,1.829268293
191,r191,4,162.0324049,staggered,2,Pink JG20-1.0HP (ID: 0.024''; OD: 0.036'') - 1.5'',E1_6_1,horizontal,front facing up,2,https://liveutk-my.sharepoint.com/:i:/r/personal/grible_vols_utk_edu/Documents/Fur%20Wetting/Experiments/h1_E2_3_1/camerasettingshydrophoc4-7.PNG?csf=1&web=1&e=wCtXFs,https://liveutk-my.sharepoint.com/:i:/r/personal/grible_vols_utk_edu/Documents/Fur%20Wetting/Experiments/r1_E1_3_1/20220207_145306000_iOS.jpg?csf=1&web=1&e=mZ21tB,Zackary Morgan,23.6,2.076271186,2.076271186,5.042372881,6.313559322,1.432808717,2.539181955,0,0,17.14391825,26,0.06768583864,2.118644068,-0.08474576271,0,2.701612903,12.21774194,10.04032258,12.21774194,1.504745746,01/26/2024,r5_E1_6_32,997.77,0.001,0.0728,"E, W",E,W,NR,350,761,0.002539181955,0.6849684968,0.299702823,71.4445846,2.923728814
192,r192,4,162.0324049,staggered,2,Pink JG20-1.0HP (ID: 0.024''; OD: 0.036'') - 1.5'',E1_6_1,horizontal,front facing up,3,https://liveutk-my.sharepoint.com/:i:/r/personal/grible_vols_utk_edu/Documents/Fur%20Wetting/Experiments/h1_E2_3_1/camerasettingshydrophoc4-7.PNG?csf=1&web=1&e=wCtXFs,https://liveutk-my.sharepoint.com/:i:/r/personal/grible_vols_utk_edu/Documents/Fur%20Wetting/Experiments/r1_E1_3_1/20220207_145306000_iOS.jpg?csf=1&web=1&e=mZ21tB,Zackary Morgan,24.2,1.983471074,1.983471074,4.958677686,5.702479339,1.39418536,2.47609151,0,0,13.2648501,22,0.07654534221,2.933884298,-0.04132231405,0,2.440898345,11.57258065,8.427419355,0.7507451991,,01/26/2024,r5_E1_6_32,997.77,0.001,0.0728,"E, W",E,W,DLRS,350,761,0.00247609151,0.6849684968,0.3073392066,65.96397063,2.024793388
193,r193,4,97.94122645,staggered,2,Pink JG20-1.0HP (ID: 0.024''; OD: 0.036'') - 1.5'',E1_7_1,horizontal,front facing up,1,https://liveutk-my.sharepoint.com/:i:/r/personal/grible_vols_utk_edu/Documents/Fur%20Wetting/Experiments/h1_E2_3_1/camerasettingshydrophoc4-7.PNG?csf=1&web=1&e=wCtXFs,https://liveutk-my.sharepoint.com/:i:/r/personal/grible_vols_utk_edu/Documents/Fur%20Wetting/Experiments/r1_E1_3_1/20220207_145306000_iOS.jpg?csf=1&web=1&e=mZ21tB,Zackary Morgan,24.8,3.75,3.75,3.991935484,4.274193548,1.410289129,2.455762301,0,0,15.50913592,30,0.1011730912,1.572580645,0,0,3.052995392,14.2281106,14.68894009,14.68894009,1.83326537,01/26/2024,r5_E1_7_31,997.77,0.001,0.0728,"E, i",E,i,NR,350,1079,0.002455762301,0.755073478,0.4393747716,66.94246605,2.419354839
194,r194,4,97.94122645,staggered,2,Pink JG20-1.0HP (ID: 0.024''; OD: 0.036'') - 1.5'',E1_7_1,horizontal,front facing up,2,https://liveutk-my.sharepoint.com/:i:/r/personal/grible_vols_utk_edu/Documents/Fur%20Wetting/Experiments/h1_E2_3_1/camerasettingshydrophoc4-7.PNG?csf=1&web=1&e=wCtXFs,https://liveutk-my.sharepoint.com/:i:/r/personal/grible_vols_utk_edu/Documents/Fur%20Wetting/Experiments/r1_E1_3_1/20220207_145306000_iOS.jpg?csf=1&web=1&e=mZ21tB,Zackary Morgan,23.6,3.983050847,3.983050847,4.025423729,4.533898305,1.422836753,2.574332275,0,0,17.86579813,32,0.4088907198,1.525423729,0,0,3.974654378,21.94700461,14.11290323,21.94700461,2.210805135,01/26/2024,r5_E1_7_32,997.77,0.001,0.0728,"E, W",E,W,NR,350,1079,0.002574332275,0.755073478,0.4191378132,71.42887559,2.5
195,r195,4,97.94122645,staggered,2,Pink JG20-1.0HP (ID: 0.024''; OD: 0.036'') - 1.5'',E1_7_1,horizontal,front facing up,3,https://liveutk-my.sharepoint.com/:i:/r/personal/grible_vols_utk_edu/Documents/Fur%20Wetting/Experiments/h1_E2_3_1/camerasettingshydrophoc4-7.PNG?csf=1&web=1&e=wCtXFs,https://liveutk-my.sharepoint.com/:i:/r/personal/grible_vols_utk_edu/Documents/Fur%20Wetting/Experiments/r1_E1_3_1/20220207_145306000_iOS.jpg?csf=1&web=1&e=mZ21tB,Zackary Morgan,23.8,3.991596639,3.991596639,3.949579832,4.411764706,1.415904597,2.562967305,0,0,17.63022343,31,0.06689801203,1.596638655,-0.8403361345,,19.28571429,15,19.28571429,2.209789558,,01/26/2024,r5_E1_7_33,997.77,0.001,0.0728,"E, i",E,i,i,350,1079,0.002562967305,0.755073478,0.4209963966,70.42228495,2.352941176
196,r196,4,50,staggered,2,Pink JG20-1.0HP (ID: 0.024''; OD: 0.036'') - 1.5'',E1_8_1,horizontal,front facing up,1,https://liveutk-my.sharepoint.com/:i:/r/personal/grible_vols_utk_edu/Documents/Fur%20Wetting/Experiments/h1_E2_3_1/camerasettingshydrophoc4-7.PNG?csf=1&web=1&e=wCtXFs,https://liveutk-my.sharepoint.com/:i:/r/personal/grible_vols_utk_edu/Documents/Fur%20Wetting/Experiments/r1_E1_3_1/20220207_145306000_iOS.jpg?csf=1&web=1&e=mZ21tB,Gina Shome,24,8.166666667,8.625,3.708333333,4.875,1.494755245,2.55037553,0,0,17.37164782,64,0.3482705684,0.875,0,-1.47E+02,58.38709677,28.70967742,1.705069124,,2.14900479,06/01/2024,r5_E1_8_31,997.77,0.001,0.0728,"D, PDF",D,PDF,PDF,350,1650,0.00255037553,0.825,0.6469635474,78.09862133,2.833333333
197,r197,4,50,staggered,2,Pink JG20-1.0HP (ID: 0.024''; OD: 0.036'') - 1.5'',E1_8_1,horizontal,front facing up,2,https://liveutk-my.sharepoint.com/:i:/r/personal/grible_vols_utk_edu/Documents/Fur%20Wetting/Experiments/h1_E2_3_1/camerasettingshydrophoc4-7.PNG?csf=1&web=1&e=wCtXFs,https://liveutk-my.sharepoint.com/:i:/r/personal/grible_vols_utk_edu/Documents/Fur%20Wetting/Experiments/r1_E1_3_1/20220207_145306000_iOS.jpg?csf=1&web=1&e=mZ21tB,Gina Shome,24.2,8.099173554,8.512396694,3.553719008,4.834710744,1.48104035,2.565399624,0,0,17.68046563,38,0.2516732594,0.7438016529,0,0.00E+00,17.5921659,38.9516129,8.052995392,,1.924379001,06/01/2024,r5_E1_8_32,997.77,0.001,0.0728,"E, PDF",E,PDF,PDF,350,1650,0.002565399624,0.825,0.6431746479,77.12370252,2.809917355
198,r198,4,50,staggered,2,Pink JG20-1.0HP (ID: 0.024''; OD: 0.036'') - 1.5'',E1_8_1,horizontal,front facing up,3,https://liveutk-my.sharepoint.com/:i:/r/personal/grible_vols_utk_edu/Documents/Fur%20Wetting/Experiments/h1_E2_3_1/camerasettingshydrophoc4-7.PNG?csf=1&web=1&e=wCtXFs,https://liveutk-my.sharepoint.com/:i:/r/personal/grible_vols_utk_edu/Documents/Fur%20Wetting/Experiments/r1_E1_3_1/20220207_145306000_iOS.jpg?csf=1&web=1&e=mZ21tB,Gina Shome,24.4,8.032786885,8.032786885,3.56557377,5.040983607,1.478787606,2.575396806,0,0,17.88797075,37,0.1541632636,0.6967213115,0,0.00E+00,1.572580645,40.44354839,1.653225806,,1.722593896,06/01/2024,r5_E1_8_33,997.77,0.001,0.0728,"E, PDF",E,PDF,PDF,350,1650,0.002575396806,0.825,0.6406779709,77.1888942,2.868852459
46,r46,1,162.0324049,staggered,2,Pink JG20-1.0HP (ID: 0.024''; OD: 0.036'') - 1.5'',E1_6_1,horizontal,bottom facing up,1,https://liveutk-my.sharepoint.com/:i:/r/personal/grible_vols_utk_edu/Documents/Fur%20Wetting/Experiments/h1_E2_3_1/camerasettingshydrophoc4-7.PNG?csf=1&web=1&e=wCtXFs,https://liveutk-my.sharepoint.com/:i:/r/personal/grible_vols_utk_edu/Documents/Fur%20Wetting/Experiments/r1_E1_3_1/20220207_145306000_iOS.jpg?csf=1&web=1&e=mZ21tB,Zack Morgan,21.9,3.150684932,3.150684932,5.02283105,5.616438356,0.4231544978,2.697567452,,,23.53811686,23,0.2276723918,1.96347032,0,0,0.3629032258,22.65552995,1.607142857,,0.7426557338,02/11/2024,r5_E1_6_7,997.77,0.001,0.0728,"D, W",D,W,SDRD,350,761,0.002697567452,0.6849684968,0.2821060135,6.620172385,3.059360731
47,r47,1,162.0324049,staggered,2,Pink JG20-1.0HP (ID: 0.024''; OD: 0.036'') - 1.5'',E1_6_1,horizontal,bottom facing up,2,https://liveutk-my.sharepoint.com/:i:/r/personal/grible_vols_utk_edu/Documents/Fur%20Wetting/Experiments/h1_E2_3_1/camerasettingshydrophoc4-7.PNG?csf=1&web=1&e=wCtXFs,https://liveutk-my.sharepoint.com/:i:/r/personal/grible_vols_utk_edu/Documents/Fur%20Wetting/Experiments/r1_E1_3_1/20220207_145306000_iOS.jpg?csf=1&web=1&e=mZ21tB,Agustin Soto,29.7,1.683501684,1.683501684,8.282828283,8.316498316,0.3048951049,2.681170481,0.6734006734,0.5387205387,-4.629520231,134,0.1178406095,3.400673401,0,1.212121212,0.1797235023,2.668202765,7.175115207,,2.23643757,04/13/2023,r5_E1_6_8,997.77,0.001,0.0728,"D, W",D,W,SDRD,350,761,0.002681170481,0.6849684968,0.2838312615,3.41605139,4.882154882
48,r48,1,162.0324049,staggered,2,Pink JG20-1.0HP (ID: 0.024''; OD: 0.036'') - 1.5'',E1_6_1,horizontal,bottom facing up,3,https://liveutk-my.sharepoint.com/:i:/r/personal/grible_vols_utk_edu/Documents/Fur%20Wetting/Experiments/h1_E2_3_1/camerasettingshydrophoc4-7.PNG?csf=1&web=1&e=wCtXFs,https://liveutk-my.sharepoint.com/:i:/r/personal/grible_vols_utk_edu/Documents/Fur%20Wetting/Experiments/r1_E1_3_1/20220207_145306000_iOS.jpg?csf=1&web=1&e=mZ21tB,Agustin Soto,29.8,1.577181208,1.577181208,8.355704698,8.355704698,0.2422551842,2.78941277,0.3691275168,0.3020134228,14.74756037,169,0.1419448808,4.563758389,0.7046979866,,2.960829493,4.435483871,4.82718894,4.82718894,2.952835217,04/13/2023,r5_E1_6_9,997.77,0.001,0.0728,"D, W",D,W,SDRD,350,761,0.00278941277,0.6849684968,0.2728172783,2.243664965,3.791946309
49,r49,1,97.94122645,staggered,2,Pink JG20-1.0HP (ID: 0.024''; OD: 0.036'') - 1.5'',E1_7_1,horizontal,bottom facing up,1,https://liveutk-my.sharepoint.com/:i:/r/personal/grible_vols_utk_edu/Documents/Fur%20Wetting/Experiments/h1_E2_3_1/camerasettingshydrophoc4-7.PNG?csf=1&web=1&e=wCtXFs,https://liveutk-my.sharepoint.com/:i:/r/personal/grible_vols_utk_edu/Documents/Fur%20Wetting/Experiments/r1_E1_3_1/20220207_145306000_iOS.jpg?csf=1&web=1&e=mZ21tB,Zack Morgan,24.2,1.983471074,1.983471074,4.545454545,4.958677686,0.5050717119,2.659226745,0,0,19.69222222,91,0.05690472236,1.570247934,0.6611570248,0,0.6013824885,3.421658986,3.919354839,3.919354839,1.202901375,03/19/2024,r5_E1_7_7,997.77,0.001,0.0728,"E, W",E,W,DLRS,350,1079,0.002659226745,0.755073478,0.4057570503,9.297378741,2.975206612
50,r50,1,97.94122645,staggered,2,Pink JG20-1.0HP (ID: 0.024''; OD: 0.036'') - 1.5'',E1_7_1,horizontal,bottom facing up,2,https://liveutk-my.sharepoint.com/:i:/r/personal/grible_vols_utk_edu/Documents/Fur%20Wetting/Experiments/h1_E2_3_1/camerasettingshydrophoc4-7.PNG?csf=1&web=1&e=wCtXFs,https://liveutk-my.sharepoint.com/:i:/r/personal/grible_vols_utk_edu/Documents/Fur%20Wetting/Experiments/r1_E1_3_1/20220207_145306000_iOS.jpg?csf=1&web=1&e=mZ21tB,Zack Morgan,24.2,2.024793388,2.024793388,4.462809917,4.917355372,0.4643041057,2.571344773,0,0,17.80367074,100,0.04254500374,1.487603306,0.6611570248,0,0.6820276498,6.838709677,3.668202765,6.838709677,1.143601084,03/19/2024,r5_E1_7_8,997.77,0.001,0.0728,"E, W",E,W,DLRS,350,1079,0.002571344773,0.755073478,0.4196247859,7.59739003,2.975206612
51,r51,1,97.94122645,staggered,2,Pink JG20-1.0HP (ID: 0.024''; OD: 0.036'') - 1.5'',E1_7_1,horizontal,bottom facing up,3,https://liveutk-my.sharepoint.com/:i:/r/personal/grible_vols_utk_edu/Documents/Fur%20Wetting/Experiments/h1_E2_3_1/camerasettingshydrophoc4-7.PNG?csf=1&web=1&e=wCtXFs,https://liveutk-my.sharepoint.com/:i:/r/personal/grible_vols_utk_edu/Documents/Fur%20Wetting/Experiments/r1_E1_3_1/20220207_145306000_iOS.jpg?csf=1&web=1&e=mZ21tB,Zack Morgan,23.4,2.307692308,2.35042735,4.786324786,5.213675214,0.5989366805,3.135108212,0,0,21.29764905,101,0.1400384343,1.794871795,0,0,18.99193548,11.65322581,4.717741935,,1.471448182,03/19/2024,r5_E1_7_9,997.77,0.001,0.0728,"E, W",E,W,DLRS,350,1079,0.003135108212,0.755073478,0.3441667487,15.41393136,2.991452991
52,r52,1,50,staggered,2,Pink JG20-1.0HP (ID: 0.024''; OD: 0.036'') - 1.5'',E1_8_1,horizontal,bottom facing up,1,https://liveutk-my.sharepoint.com/:i:/r/personal/grible_vols_utk_edu/Documents/Fur%20Wetting/Experiments/h1_E2_3_1/camerasettingshydrophoc4-7.PNG?csf=1&web=1&e=wCtXFs,https://liveutk-my.sharepoint.com/:i:/r/personal/grible_vols_utk_edu/Documents/Fur%20Wetting/Experiments/r1_E1_3_1/20220207_145306000_iOS.jpg?csf=1&web=1&e=mZ21tB,Agustin Soto,28.8,3.506944444,3.854166667,4.340277778,5.104166667,0.2561521039,2.951192019,0.1388888889,0.03472222222,26.91665087,126,0.09597069756,0.7986111111,1.215277778,,,,,,,04/13/2023,r5_E1_8_7,997.77,0.001,0.0728,"D, W",D,W,DLRS,350,1650,0.002951192019,0.825,0.5590961175,2.653947852,3.541666667
53,r53,1,50,staggered,2,Pink JG20-1.0HP (ID: 0.024''; OD: 0.036'') - 1.5'',E1_8_1,horizontal,bottom facing up,2,https://liveutk-my.sharepoint.com/:i:/r/personal/grible_vols_utk_edu/Documents/Fur%20Wetting/Experiments/h1_E2_3_1/camerasettingshydrophoc4-7.PNG?csf=1&web=1&e=wCtXFs,https://liveutk-my.sharepoint.com/:i:/r/personal/grible_vols_utk_edu/Documents/Fur%20Wetting/Experiments/r1_E1_3_1/20220207_145306000_iOS.jpg?csf=1&web=1&e=mZ21tB,Agustin Soto,29.6,2.871621622,2.871621622,4.391891892,5,0.2424100663,2.88504351,0,0,25.14697325,122,0.05883520693,1.013513514,0.5067567568,,,,,,,04/13/2023,r5_E1_8_8,997.77,0.001,0.0728,"D, W",D,W,DLRS,350,1650,0.00288504351,0.825,0.5719151181,2.323553788,3.378378378
54,r54,1,50,staggered,2,Pink JG20-1.0HP (ID: 0.024''; OD: 0.036'') - 1.5'',E1_8_1,horizontal,bottom facing up,3,https://liveutk-my.sharepoint.com/:i:/r/personal/grible_vols_utk_edu/Documents/Fur%20Wetting/Experiments/h1_E2_3_1/camerasettingshydrophoc4-7.PNG?csf=1&web=1&e=wCtXFs,https://liveutk-my.sharepoint.com/:i:/r/personal/grible_vols_utk_edu/Documents/Fur%20Wetting/Experiments/r1_E1_3_1/20220207_145306000_iOS.jpg?csf=1&web=1&e=mZ21tB,Agustin Soto,28.6,3.426573427,3.566433566,4.72027972,5.244755245,0.2498505781,3.029315097,0.1748251748,0,29.11132453,129,0.03581256571,1.328671329,1.188811189,,,,,,,04/13/2023,r5_E1_8_9,997.77,0.001,0.0728,"D, W",D,W,DLRS,350,1650,0.003029315097,0.825,0.5446775747,2.591816373,3.391608392
100,r100,2,162.0324049,staggered,2,Pink JG20-1.0HP (ID: 0.024''; OD: 0.036'') - 1.5'',E1_6_1,horizontal,bottom facing up,1,https://liveutk-my.sharepoint.com/:i:/r/personal/grible_vols_utk_edu/Documents/Fur%20Wetting/Experiments/h1_E2_3_1/camerasettingshydrophoc4-7.PNG?csf=1&web=1&e=wCtXFs,https://liveutk-my.sharepoint.com/:i:/r/personal/grible_vols_utk_edu/Documents/Fur%20Wetting/Experiments/r1_E1_3_1/20220207_145306000_iOS.jpg?csf=1&web=1&e=mZ21tB,Zack Morgan,21,1.952380952,2,5.095238095,5.285714286,0.757032967,2.640703217,0,0,19.28356835,47,0.04109077756,1.761904762,0.4761904762,0,6.520737327,11.40552995,12.60368664,12.60368664,1.624511779,03/22/2024,r5_E1_6_16,997.77,0.001,0.0728,"E, W",E,W,DLRS,350,761,0.002640703217,0.6849684968,0.288180813,20.74188595,3.333333333
101,r101,2,162.0324049,staggered,2,Pink JG20-1.0HP (ID: 0.024''; OD: 0.036'') - 1.5'',E1_6_1,horizontal,bottom facing up,2,https://liveutk-my.sharepoint.com/:i:/r/personal/grible_vols_utk_edu/Documents/Fur%20Wetting/Experiments/h1_E2_3_1/camerasettingshydrophoc4-7.PNG?csf=1&web=1&e=wCtXFs,https://liveutk-my.sharepoint.com/:i:/r/personal/grible_vols_utk_edu/Documents/Fur%20Wetting/Experiments/r1_E1_3_1/20220207_145306000_iOS.jpg?csf=1&web=1&e=mZ21tB,Zack Morgan,20.4,2.009803922,2.009803922,5.343137255,5.588235294,0.7213255281,2.796333215,0,0,22.55614528,62,0.197693509,2.696078431,0.5392156863,0,0.8352534562,6.883640553,4.061059908,6.883640553,1.28977034,03/22/2024,r5_E1_6_17,997.77,0.001,0.0728,"E, W",E,W,DLRS,350,761,0.002796333215,0.6849684968,0.2721421023,19.94116783,2.647058824
102,r102,2,162.0324049,staggered,2,Pink JG20-1.0HP (ID: 0.024''; OD: 0.036'') - 1.5'',E1_6_1,horizontal,bottom facing up,3,https://liveutk-my.sharepoint.com/:i:/r/personal/grible_vols_utk_edu/Documents/Fur%20Wetting/Experiments/h1_E2_3_1/camerasettingshydrophoc4-7.PNG?csf=1&web=1&e=wCtXFs,https://liveutk-my.sharepoint.com/:i:/r/personal/grible_vols_utk_edu/Documents/Fur%20Wetting/Experiments/r1_E1_3_1/20220207_145306000_iOS.jpg?csf=1&web=1&e=mZ21tB,Zack Morgan,20,2.05,2.1,5.7,5.95,0.7866300366,2.824650169,0,0,23.60057711,44,0.07260849288,2.3,0.55,0,1.814516129,9.591013825,3.830645161,9.591013825,1.113950386,03/22/2024,r5_E1_6_18,997.77,0.001,0.0728,"E, W",E,W,DLRS,350,761,0.002824650169,0.6849684968,0.2694138936,23.95547473,3.4
103,r103,2,97.94122645,staggered,2,Pink JG20-1.0HP (ID: 0.024''; OD: 0.036'') - 1.5'',E1_7_1,horizontal,bottom facing up,1,https://liveutk-my.sharepoint.com/:i:/r/personal/grible_vols_utk_edu/Documents/Fur%20Wetting/Experiments/h1_E2_3_1/camerasettingshydrophoc4-7.PNG?csf=1&web=1&e=wCtXFs,https://liveutk-my.sharepoint.com/:i:/r/personal/grible_vols_utk_edu/Documents/Fur%20Wetting/Experiments/r1_E1_3_1/20220207_145306000_iOS.jpg?csf=1&web=1&e=mZ21tB,Zack Morgan,22.8,2.807017544,2.807017544,4.473684211,4.912280702,0.7420087652,2.745220191,0,0,21.66507373,51,0.08016539654,1.798245614,0.4385964912,0,5.092165899,13.71639785,3.755760369,13.71639785,1.261358773,03/19/2024,r5_E1_7_16,997.77,0.001,0.0728,"E, W",E,W,DLRS,350,1079,0.002745220191,0.755073478,0.3930467958,20.71544744,2.675438596
104,r104,2,97.94122645,staggered,2,Pink JG20-1.0HP (ID: 0.024''; OD: 0.036'') - 1.5'',E1_7_1,horizontal,bottom facing up,2,https://liveutk-my.sharepoint.com/:i:/r/personal/grible_vols_utk_edu/Documents/Fur%20Wetting/Experiments/h1_E2_3_1/camerasettingshydrophoc4-7.PNG?csf=1&web=1&e=wCtXFs,https://liveutk-my.sharepoint.com/:i:/r/personal/grible_vols_utk_edu/Documents/Fur%20Wetting/Experiments/r1_E1_3_1/20220207_145306000_iOS.jpg?csf=1&web=1&e=mZ21tB,Zack Morgan,22.6,2.787610619,2.787610619,4.690265487,4.867256637,0.7171464549,2.754049642,0,0,21.87479092,70,0.05063997923,1.592920354,0.7522123894,0,6.221198157,24.19354839,5.391705069,24.19354839,1.73598046,03/19/2024,r5_E1_7_17,997.77,0.001,0.0728,"E, W",E,W,DLRS,350,1079,0.002754049642,0.755073478,0.3917866924,19.41272662,3.097345133
105,r105,2,97.94122645,staggered,2,Pink JG20-1.0HP (ID: 0.024''; OD: 0.036'') - 1.5'',E1_7_1,horizontal,bottom facing up,3,https://liveutk-my.sharepoint.com/:i:/r/personal/grible_vols_utk_edu/Documents/Fur%20Wetting/Experiments/h1_E2_3_1/camerasettingshydrophoc4-7.PNG?csf=1&web=1&e=wCtXFs,https://liveutk-my.sharepoint.com/:i:/r/personal/grible_vols_utk_edu/Documents/Fur%20Wetting/Experiments/r1_E1_3_1/20220207_145306000_iOS.jpg?csf=1&web=1&e=mZ21tB,Zack Morgan,22.8,2.763157895,2.763157895,4.605263158,4.824561404,0.6967334302,2.770149181,0,0,22.26066281,73,0.02707088004,1.578947368,0.7456140351,0,1.900921659,16.34792627,3.698156682,16.34792627,1.425250355,03/19/2024,r5_E1_7_18,997.77,0.001,0.0728,"E, W",E,W,DLRS,350,1079,0.002770149181,0.755073478,0.3895097085,18.43043215,3.026315789
106,r106,2,50,staggered,2,Pink JG20-1.0HP (ID: 0.024''; OD: 0.036'') - 1.5'',E1_8_1,horizontal,bottom facing up,1,https://liveutk-my.sharepoint.com/:i:/r/personal/grible_vols_utk_edu/Documents/Fur%20Wetting/Experiments/h1_E2_3_1/camerasettingshydrophoc4-7.PNG?csf=1&web=1&e=wCtXFs,https://liveutk-my.sharepoint.com/:i:/r/personal/grible_vols_utk_edu/Documents/Fur%20Wetting/Experiments/r1_E1_3_1/20220207_145306000_iOS.jpg?csf=1&web=1&e=mZ21tB,Zack Morgan,20.2,4.851485149,4.851485149,4.702970297,5.148514851,0.7159247731,2.764733215,0,0,22.13035131,92,0.07933733724,2.128712871,-0.297029703,0,2.016129032,18.62903226,0.8870967742,18.62903226,3.366336397,03/22/2024,r5_E1_8_16,997.77,0.001,0.0728,"E, ii",E,ii,BE,350,1650,0.002764733215,0.825,0.5968026105,19.4216925,2.574257426
107,r107,2,50,staggered,2,Pink JG20-1.0HP (ID: 0.024''; OD: 0.036'') - 1.5'',E1_8_1,horizontal,bottom facing up,2,https://liveutk-my.sharepoint.com/:i:/r/personal/grible_vols_utk_edu/Documents/Fur%20Wetting/Experiments/h1_E2_3_1/camerasettingshydrophoc4-7.PNG?csf=1&web=1&e=wCtXFs,https://liveutk-my.sharepoint.com/:i:/r/personal/grible_vols_utk_edu/Documents/Fur%20Wetting/Experiments/r1_E1_3_1/20220207_145306000_iOS.jpg?csf=1&web=1&e=mZ21tB,Zack Morgan,21.6,4.953703704,5.092592593,4.074074074,4.583333333,0.6676753148,2.595201453,0.1388888889,0,18.30382458,81,0.1155874887,1.62037037,0.5092592593,,24.95967742,21.65322581,27.62096774,27.62096774,2.401214851,03/22/2024,r5_E1_8_17,997.77,0.001,0.0728,"E, ii",E,ii,BE,350,1650,0.002595201453,0.825,0.6357887932,15.85626071,2.453703704
108,r108,2,50,staggered,2,Pink JG20-1.0HP (ID: 0.024''; OD: 0.036'') - 1.5'',E1_8_1,horizontal,bottom facing up,3,https://liveutk-my.sharepoint.com/:i:/r/personal/grible_vols_utk_edu/Documents/Fur%20Wetting/Experiments/h1_E2_3_1/camerasettingshydrophoc4-7.PNG?csf=1&web=1&e=wCtXFs,https://liveutk-my.sharepoint.com/:i:/r/personal/grible_vols_utk_edu/Documents/Fur%20Wetting/Experiments/r1_E1_3_1/20220207_145306000_iOS.jpg?csf=1&web=1&e=mZ21tB,Zack Morgan,21,5.047619048,5.19047619,4.142857143,4.952380952,0.7136083452,2.671087777,0.1428571429,0,19.95690078,69,0.02919158763,1.142857143,0.8095238095,0.006802721088,12.35599078,15.46658986,3.254608295,,2.315388401,03/22/2024,r5_E1_8_18,997.77,0.001,0.0728,"E, ii",E,ii,BE,350,1650,0.002671087777,0.825,0.6177258621,18.64262497,3
154,r154,3,162.0324049,staggered,2,Pink JG20-1.0HP (ID: 0.024''; OD: 0.036'') - 1.5'',E1_6_1,horizontal,bottom facing up,1,https://liveutk-my.sharepoint.com/:i:/r/personal/grible_vols_utk_edu/Documents/Fur%20Wetting/Experiments/h1_E2_3_1/camerasettingshydrophoc4-7.PNG?csf=1&web=1&e=wCtXFs,https://liveutk-my.sharepoint.com/:i:/r/personal/grible_vols_utk_edu/Documents/Fur%20Wetting/Experiments/r1_E1_3_1/20220207_145306000_iOS.jpg?csf=1&web=1&e=mZ21tB,Zack Morgan,21.6,1.805555556,1.898148148,5.092592593,5.277777778,0.7631287381,2.659933039,0,0,19.70791724,48,0.2059425753,1.898148148,0.4166666667,0,7.701612903,9.879032258,6.733870968,9.879032258,1.81817133,03/22/2024,r5_E1_6_25,997.77,0.001,0.0728,EW,E,W,DLRS,350,761,0.002659933039,0.6849684968,0.2860974275,21.23075232,3.194444444
155,r155,3,162.0324049,staggered,2,Pink JG20-1.0HP (ID: 0.024''; OD: 0.036'') - 1.5'',E1_6_1,horizontal,bottom facing up,2,https://liveutk-my.sharepoint.com/:i:/r/personal/grible_vols_utk_edu/Documents/Fur%20Wetting/Experiments/h1_E2_3_1/camerasettingshydrophoc4-7.PNG?csf=1&web=1&e=wCtXFs,https://liveutk-my.sharepoint.com/:i:/r/personal/grible_vols_utk_edu/Documents/Fur%20Wetting/Experiments/r1_E1_3_1/20220207_145306000_iOS.jpg?csf=1&web=1&e=mZ21tB,Zack Morgan,20.8,1.923076923,1.923076923,5.144230769,5.384615385,0.7434789347,2.744573443,0,0,21.64976507,56,0.09762975068,1.490384615,0.4807692308,0,2.799539171,11.62298387,6.324884793,11.62298387,1.195991309,03/22/2024,r5_E1_6_26,997.77,0.001,0.0728,EW,E,W,DLRS,350,761,0.002744573443,0.6849684968,0.2772744165,20.7927176,3.653846154
156,r156,3,162.0324049,staggered,2,Pink JG20-1.0HP (ID: 0.024''; OD: 0.036'') - 1.5'',E1_6_1,horizontal,bottom facing up,3,https://liveutk-my.sharepoint.com/:i:/r/personal/grible_vols_utk_edu/Documents/Fur%20Wetting/Experiments/h1_E2_3_1/camerasettingshydrophoc4-7.PNG?csf=1&web=1&e=wCtXFs,https://liveutk-my.sharepoint.com/:i:/r/personal/grible_vols_utk_edu/Documents/Fur%20Wetting/Experiments/r1_E1_3_1/20220207_145306000_iOS.jpg?csf=1&web=1&e=mZ21tB,Zack Morgan,20.8,1.875,1.923076923,5,5.144230769,0.7539288193,2.76780358,0,0,18.92342063,36,0.06537027407,3.028846154,-0.04807692308,0,6.405529954,11.19815668,7.880184332,11.19815668,0.7960432729,03/22/2024,r5_E1_6_27,997.77,0.001,0.0728,EW,E,W,DLRS,350,761,0.00276780358,0.6849684968,0.2749472562,21.56229675,1.971153846
157,r157,3,97.94122645,staggered,2,Pink JG20-1.0HP (ID: 0.024''; OD: 0.036'') - 1.5'',E1_7_1,horizontal,bottom facing up,1,https://liveutk-my.sharepoint.com/:i:/r/personal/grible_vols_utk_edu/Documents/Fur%20Wetting/Experiments/h1_E2_3_1/camerasettingshydrophoc4-7.PNG?csf=1&web=1&e=wCtXFs,https://liveutk-my.sharepoint.com/:i:/r/personal/grible_vols_utk_edu/Documents/Fur%20Wetting/Experiments/r1_E1_3_1/20220207_145306000_iOS.jpg?csf=1&web=1&e=mZ21tB,Zack Morgan,19.6,3.469387755,3.571428571,4.897959184,5.459183673,0.7923818937,2.843363299,0,0,24.07274849,50,0.3804579299,2.040816327,0.2040816327,0,4.002304147,8.315668203,3.380184332,8.315668203,1.479513507,03/22/2024,r5_E1_7_25,997.77,0.001,0.0728,EW,E,W,NRND,350,1079,0.002843363299,0.755073478,0.3794801741,24.4681144,2.857142857
158,r158,3,97.94122645,staggered,2,Pink JG20-1.0HP (ID: 0.024''; OD: 0.036'') - 1.5'',E1_7_1,horizontal,bottom facing up,2,https://liveutk-my.sharepoint.com/:i:/r/personal/grible_vols_utk_edu/Documents/Fur%20Wetting/Experiments/h1_E2_3_1/camerasettingshydrophoc4-7.PNG?csf=1&web=1&e=wCtXFs,https://liveutk-my.sharepoint.com/:i:/r/personal/grible_vols_utk_edu/Documents/Fur%20Wetting/Experiments/r1_E1_3_1/20220207_145306000_iOS.jpg?csf=1&web=1&e=mZ21tB,Zack Morgan,20.8,3.221153846,3.317307692,4.326923077,5.384615385,0.8640042224,2.622910943,0,0,22.10581787,50,0.2004829579,1.778846154,0.5288461538,0,5.328341014,10.05184332,3.485023041,10.05184332,1.32749833,03/22/2024,r5_E1_7_26,997.77,0.001,0.0728,EW,E,W,NRND,350,1079,0.002622910943,0.755073478,0.4113750041,26.83578707,2.548076923
159,r159,3,97.94122645,staggered,2,Pink JG20-1.0HP (ID: 0.024''; OD: 0.036'') - 1.5'',E1_7_1,horizontal,bottom facing up,3,https://liveutk-my.sharepoint.com/:i:/r/personal/grible_vols_utk_edu/Documents/Fur%20Wetting/Experiments/h1_E2_3_1/camerasettingshydrophoc4-7.PNG?csf=1&web=1&e=wCtXFs,https://liveutk-my.sharepoint.com/:i:/r/personal/grible_vols_utk_edu/Documents/Fur%20Wetting/Experiments/r1_E1_3_1/20220207_145306000_iOS.jpg?csf=1&web=1&e=mZ21tB,Zack Morgan,20.8,3.221153846,3.221153846,4.375,4.759615385,0.7622910943,2.757538805,0,0,21.95803717,47,0.2255151099,1.682692308,0.1923076923,0,9.504608295,14.55069124,4.320276498,14.55069124,1.815084439,03/22/2024,r5_E1_7_27,997.77,0.001,0.0728,EW,E,W,NRND,350,1079,0.002757538805,0.755073478,0.3912909578,21.9615196,2.692307692
160,r160,3,50,staggered,2,Pink JG20-1.0HP (ID: 0.024''; OD: 0.036'') - 1.5'',E1_8.1_sb,horizontal,bottom facing up,1,https://liveutk-my.sharepoint.com/:i:/r/personal/grible_vols_utk_edu/Documents/Fur%20Wetting/Experiments/h1_E2_3_1/camerasettingshydrophoc4-7.PNG?csf=1&web=1&e=wCtXFs,https://liveutk-my.sharepoint.com/:i:/r/personal/grible_vols_utk_edu/Documents/Fur%20Wetting/Experiments/r1_E1_3_1/20220207_145306000_iOS.jpg?csf=1&web=1&e=mZ21tB,Zack Morgan,24.2,5.371900826,5.371900826,3.760330579,4.462809917,0.9064420428,2.714289948,0.1239669421,0,20.94099597,52,0.2801487021,1.859504132,1.198347107,,5.391705069,17.46543779,13.13364055,17.46543779,2.448979945,03/22/2024,r5_E1_8_25,997.77,0.001,0.0728,"D, ii",D,ii,PDF,350,1650,0.002714289948,0.825,0.6078937886,30.56577295,1.900826446
161,r161,3,50,staggered,2,Pink JG20-1.0HP (ID: 0.024''; OD: 0.036'') - 1.5'',E1_8.1_sb,horizontal,bottom facing up,2,https://liveutk-my.sharepoint.com/:i:/r/personal/grible_vols_utk_edu/Documents/Fur%20Wetting/Experiments/h1_E2_3_1/camerasettingshydrophoc4-7.PNG?csf=1&web=1&e=wCtXFs,https://liveutk-my.sharepoint.com/:i:/r/personal/grible_vols_utk_edu/Documents/Fur%20Wetting/Experiments/r1_E1_3_1/20220207_145306000_iOS.jpg?csf=1&web=1&e=mZ21tB,Zack Morgan,24,5.458333333,5.458333333,3.708333333,4.708333333,0.8891627674,2.693425536,0,0,20.46178598,58,0.03036801518,1.333333333,1.041666667,0,6.89516129,19.3375576,10.93894009,19.3375576,2.310863727,03/22/2024,r5_E1_8_26,997.77,0.001,0.0728,"D, i",D,i,PDF,350,1650,0.002693425536,0.825,0.6126027907,29.18546207,2.375
162,r162,3,50,staggered,2,Pink JG20-1.0HP (ID: 0.024''; OD: 0.036'') - 1.5'',E1_8.1_sb,horizontal,bottom facing up,3,https://liveutk-my.sharepoint.com/:i:/r/personal/grible_vols_utk_edu/Documents/Fur%20Wetting/Experiments/h1_E2_3_1/camerasettingshydrophoc4-7.PNG?csf=1&web=1&e=wCtXFs,https://liveutk-my.sharepoint.com/:i:/r/personal/grible_vols_utk_edu/Documents/Fur%20Wetting/Experiments/r1_E1_3_1/20220207_145306000_iOS.jpg?csf=1&web=1&e=mZ21tB,Zack Morgan,22.4,5.803571429,5.803571429,4.375,4.910714286,0.729228243,2.688293893,0,0,25.23568205,73,0.005566048722,1.651785714,0.4910714286,0,13.62903226,32.66129032,15.56451613,32.66129032,5.086841118,03/22/2024,r5_E1_8_27,997.77,0.001,0.0728,"D, ii",D,ii,ii,350,1650,0.002688293893,0.825,0.6137721789,19.59308259,2.723214286
208,r208,4,162.0324049,staggered,2,Pink JG20-1.0HP (ID: 0.024''; OD: 0.036'') - 1.5'',E1_6_1,horizontal,bottom facing up,1,https://liveutk-my.sharepoint.com/:i:/r/personal/grible_vols_utk_edu/Documents/Fur%20Wetting/Experiments/h1_E2_3_1/camerasettingshydrophoc4-7.PNG?csf=1&web=1&e=wCtXFs,https://liveutk-my.sharepoint.com/:i:/r/personal/grible_vols_utk_edu/Documents/Fur%20Wetting/Experiments/r1_E1_3_1/20220207_145306000_iOS.jpg?csf=1&web=1&e=mZ21tB,Zackary Morgan,23.6,2.627118644,2.627118644,4.491525424,5.211864407,1.419491525,2.568162031,0,0,13.96267731,23,0.4116701517,2.118644068,0,0,7.695852535,10.82949309,4.65437788,10.82949309,0.73696883,01/26/2024,r5_E1_6_34,997.77,0.001,0.0728,"E, W",E,W,DLRS,350,761,0.002568162031,0.6849684968,0.2963208671,70.92299899,2.372881356
209,r209,4,162.0324049,staggered,2,Pink JG20-1.0HP (ID: 0.024''; OD: 0.036'') - 1.5'',E1_6_1,horizontal,bottom facing up,2,https://liveutk-my.sharepoint.com/:i:/r/personal/grible_vols_utk_edu/Documents/Fur%20Wetting/Experiments/h1_E2_3_1/camerasettingshydrophoc4-7.PNG?csf=1&web=1&e=wCtXFs,https://liveutk-my.sharepoint.com/:i:/r/personal/grible_vols_utk_edu/Documents/Fur%20Wetting/Experiments/r1_E1_3_1/20220207_145306000_iOS.jpg?csf=1&web=1&e=mZ21tB,Zackary Morgan,22.2,3.108108108,3.108108108,5,6.306306306,1.452736179,2.735608188,0,0,21.43829798,29,0.4686152546,2.207207207,-0.4954954955,0,0.3225806452,14.05529954,1.428571429,,1.145576383,01/26/2024,r5_E1_6_35,997.77,0.001,0.0728,"E, W",E,W,DLRS,350,761,0.002735608188,0.6849684968,0.2781831123,79.12732102,2.792792793
210,r210,4,162.0324049,staggered,2,Pink JG20-1.0HP (ID: 0.024''; OD: 0.036'') - 1.5'',E1_6_1,horizontal,bottom facing up,3,https://liveutk-my.sharepoint.com/:i:/r/personal/grible_vols_utk_edu/Documents/Fur%20Wetting/Experiments/h1_E2_3_1/camerasettingshydrophoc4-7.PNG?csf=1&web=1&e=wCtXFs,https://liveutk-my.sharepoint.com/:i:/r/personal/grible_vols_utk_edu/Documents/Fur%20Wetting/Experiments/r1_E1_3_1/20220207_145306000_iOS.jpg?csf=1&web=1&e=mZ21tB,Zackary Morgan,23.2,2.974137931,2.974137931,4.870689655,5.301724138,1.444599391,2.589149735,0,0,18.17607557,25,0.3458179411,2.24137931,0,0,5.846774194,9.879032258,4.39516129,9.879032258,1.115887097,01/26/2024,r5_E1_6_36,997.77,0.001,0.0728,"E, W",E,W,NR,350,761,0.002589149735,0.6849684968,0.2939188837,74.05443706,2.629310345
211,r211,4,97.94122645,staggered,2,Pink JG20-1.0HP (ID: 0.024''; OD: 0.036'') - 1.5'',E1_7_1,horizontal,bottom facing up,1,https://liveutk-my.sharepoint.com/:i:/r/personal/grible_vols_utk_edu/Documents/Fur%20Wetting/Experiments/h1_E2_3_1/camerasettingshydrophoc4-7.PNG?csf=1&web=1&e=wCtXFs,https://liveutk-my.sharepoint.com/:i:/r/personal/grible_vols_utk_edu/Documents/Fur%20Wetting/Experiments/r1_E1_3_1/20220207_145306000_iOS.jpg?csf=1&web=1&e=mZ21tB,Zack Morgan,24.9,4.497991968,4.497991968,4.096385542,4.257028112,1.434308663,2.470291661,0,0,15.78604422,61,0.02441528455,0.9638554217,0.08032128514,0,3.513824885,16.53225806,1.900921659,,4.644985645,03/22/2024,r5_E1_7_34,997.77,0.001,0.0728,"E, i",E,i,BE,350,1079,0.002470291661,0.755073478,0.4367905284,69.65183107,3.13253012
212,r212,4,97.94122645,staggered,2,Pink JG20-1.0HP (ID: 0.024''; OD: 0.036'') - 1.5'',E1_7_1,horizontal,bottom facing up,2,https://liveutk-my.sharepoint.com/:i:/r/personal/grible_vols_utk_edu/Documents/Fur%20Wetting/Experiments/h1_E2_3_1/camerasettingshydrophoc4-7.PNG?csf=1&web=1&e=wCtXFs,https://liveutk-my.sharepoint.com/:i:/r/personal/grible_vols_utk_edu/Documents/Fur%20Wetting/Experiments/r1_E1_3_1/20220207_145306000_iOS.jpg?csf=1&web=1&e=mZ21tB,Zack Morgan,22.8,5.307017544,5.307017544,4.166666667,4.385964912,1.494848127,2.542031734,0,0,20.64733508,59,0.165796396,1.710526316,-0.2631578947,0,0.2592165899,22.86290323,1.296082949,,4.696944599,03/22/2024,r5_E1_7_35,997.77,0.001,0.0728,"E, i",E,i,NRND,350,1079,0.002542031734,0.755073478,0.4244636232,77.85278869,2.456140351
213,r213,4,97.94122645,staggered,2,Pink JG20-1.0HP (ID: 0.024''; OD: 0.036'') - 1.5'',E1_7_1,horizontal,bottom facing up,3,https://liveutk-my.sharepoint.com/:i:/r/personal/grible_vols_utk_edu/Documents/Fur%20Wetting/Experiments/h1_E2_3_1/camerasettingshydrophoc4-7.PNG?csf=1&web=1&e=wCtXFs,https://liveutk-my.sharepoint.com/:i:/r/personal/grible_vols_utk_edu/Documents/Fur%20Wetting/Experiments/r1_E1_3_1/20220207_145306000_iOS.jpg?csf=1&web=1&e=mZ21tB,Zack Morgan,24.3,4.979423868,4.979423868,4.115226337,4.814814815,1.481481481,2.526379873,0,0,16.88591413,64,0.2994672836,0.6995884774,0.3703703704,0.1234567901,5.253456221,19.07834101,1.382488479,,5.08217561,03/22/2024,r5_E1_7_36,997.77,0.001,0.0728,"E, ii",E,ii,i,350,1079,0.002526379873,0.755073478,0.4270933328,75.99590124,3.41563786
214,r214,4,50,staggered,2,Pink JG20-1.0HP (ID: 0.024''; OD: 0.036'') - 1.5'',E1_8.1_sb,horizontal,bottom facing up,1,https://liveutk-my.sharepoint.com/:i:/r/personal/grible_vols_utk_edu/Documents/Fur%20Wetting/Experiments/h1_E2_3_1/camerasettingshydrophoc4-7.PNG?csf=1&web=1&e=wCtXFs,https://liveutk-my.sharepoint.com/:i:/r/personal/grible_vols_utk_edu/Documents/Fur%20Wetting/Experiments/r1_E1_3_1/20220207_145306000_iOS.jpg?csf=1&web=1&e=mZ21tB,Will Stallions,30.8,14.77272727,14.77272727,4.87012987,4.87012987,1.467262872,2.52326796,0.1298701299,0,0.3192797066,10,0.1218821343,0.974025974,-1.038961039,,,,,,,1-11-2024,r5_E1_8_34,997.77,0.001,0.0728,"E, PDF",E,PDF,PDF,350,1650,0.00252326796,0.825,0.653913903,74.45232973,3.896103896
215,r215,4,50,staggered,2,Pink JG20-1.0HP (ID: 0.024''; OD: 0.036'') - 1.5'',E1_8.1_sb,horizontal,bottom facing up,2,https://liveutk-my.sharepoint.com/:i:/r/personal/grible_vols_utk_edu/Documents/Fur%20Wetting/Experiments/h1_E2_3_1/camerasettingshydrophoc4-7.PNG?csf=1&web=1&e=wCtXFs,https://liveutk-my.sharepoint.com/:i:/r/personal/grible_vols_utk_edu/Documents/Fur%20Wetting/Experiments/r1_E1_3_1/20220207_145306000_iOS.jpg?csf=1&web=1&e=mZ21tB,Will Stallions,30.3,8.877887789,8.877887789,3.168316832,3.99339934,1.542638238,2.53273282,0.1650165017,0.09900990099,4.157385255,10,1.805604008,0.396039604,0,0.1704625908,1.129032258,55.96774194,16.29032258,,1.008801026,1-11-2024,r5_E1_8_35,997.77,0.001,0.0728,"E, PDF",E,PDF,PDF,350,1650,0.00253273282,0.825,0.6514702171,82.60695716,2.772277228
216,r216,4,50,staggered,2,Pink JG20-1.0HP (ID: 0.024''; OD: 0.036'') - 1.5'',E1_8.1_sb,horizontal,bottom facing up,3,https://liveutk-my.sharepoint.com/:i:/r/personal/grible_vols_utk_edu/Documents/Fur%20Wetting/Experiments/h1_E2_3_1/camerasettingshydrophoc4-7.PNG?csf=1&web=1&e=wCtXFs,https://liveutk-my.sharepoint.com/:i:/r/personal/grible_vols_utk_edu/Documents/Fur%20Wetting/Experiments/r1_E1_3_1/20220207_145306000_iOS.jpg?csf=1&web=1&e=mZ21tB,Will Stallions,30.6,6.960784314,6.960784314,4.444444444,4.738562092,1.482739182,2.53326729,0,0,0.6641383111,45,0.5928140376,1.699346405,0,1.209150327,0.1244239631,5.322580645,0.8156682028,,1.559501482,1-11-2024,r5_E1_8_36,997.77,0.001,0.0728,"E, PDF",E,PDF,PDF,350,1650,0.00253326729,0.825,0.6513327695,76.3325211,2.745098039
,,,,,,,,,,,,,,,,,,,,,,,,,,,,,,,,,,,,997.77,0.001,0.0728,,,,,,,0,#DIV/0!,#DIV/0!,0,0